name,sPostal,fips,Year,SNAP policy index,Transaction Cost index,Eligibility index,Stigma index,Outreach index,snapP
Alabama,AL,1,1996,3.552052259,0.787308991,1.333333373,1.431409955,0,3.552052259
Alabama,AL,1,1997,3.283082008,0.961999357,0.583333373,1.737749219,0,3.283082008
Alabama,AL,1,1998,3.706369638,0.873036146,0.5,2.333333254,0,3.706369638
Alabama,AL,1,1999,4.540906906,0.874240279,1.333333373,2.333333254,0,4.540906906
Alabama,AL,1,2000,4.429703712,0.763037145,1.333333373,2.333333254,0,4.429703712
Alabama,AL,1,2001,4.708813667,0.708813548,1.666666627,2.333333254,0,4.708813667
Alabama,AL,1,2002,5.500566483,0.833899558,2.333333254,2.333333254,0,5.500566483
Alabama,AL,1,2003,5.551955223,0.885288537,2.333333254,2.333333254,0,5.551955223
Alabama,AL,1,2004,5.997796059,1.331129313,2.333333254,2.333333254,0,5.997796059
Alabama,AL,1,2005,6.683689117,2.017022133,2.333333254,2.333333254,0,6.683689117
Alabama,AL,1,2006,6.805109024,2.138442039,2.333333254,2.333333254,0,6.805109024
Alabama,AL,1,2007,7.138442516,2.138442039,2.333333254,2.333333254,0.333333343,7.138442516
Alabama,AL,1,2008,7.02089262,2.020892382,2.333333254,2.333333254,0.333333343,7.02089262
Alabama,AL,1,2009,6.971775532,2.138442039,2.333333254,2.333333254,0.166666672,6.971775532
Alabama,AL,1,2010,7.721775532,2.138442039,3.25,2.333333254,0,7.721775532
Alabama,AL,1,2011,8.138442039,2.138442039,3.333333254,2.333333254,0.333333343,8.138442039
Alabama,AL,1,2012,8.388442039,2.721775293,3.333333254,2.333333254,0,8.388442039
Alabama,AL,1,2013,8.805109024,3.138442039,3.333333254,2.333333254,0,8.805109024
Alabama,AL,1,2014,8.805109024,3.138442039,3.333333254,2.333333254,0,8.805109024
Alaska,AK,2,1996,3.775239706,1.010496378,1.333333373,1.431409955,0,3.775239706
Alaska,AK,2,1997,3.025239706,1.010496378,0.583333373,1.431409955,0,3.025239706
Alaska,AK,2,1998,3.115468264,0.932155013,0.5,1.683313251,0,3.115468264
Alaska,AK,2,1999,4.805109024,1.138442159,1.333333373,2.333333254,0,4.805109024
Alaska,AK,2,2000,4.590135098,0.923468351,1.333333373,2.333333254,0,4.590135098
Alaska,AK,2,2001,4.955699444,0.955699384,1.666666627,2.333333254,0,4.955699444
Alaska,AK,2,2002,5.805109024,1.138442159,2.333333254,2.333333254,0,5.805109024
Alaska,AK,2,2003,5.805109024,1.138442159,2.333333254,2.333333254,0,5.805109024
Alaska,AK,2,2004,6.470876217,1.804209352,2.333333254,2.333333254,0,6.470876217
Alaska,AK,2,2005,6.77146244,2.104795456,2.333333254,2.333333254,0,6.77146244
Alaska,AK,2,2006,6.455036163,1.788369775,2.333333254,2.333333254,0,6.455036163
Alaska,AK,2,2007,6.805109024,2.138442039,2.333333254,2.333333254,0,6.805109024
Alaska,AK,2,2008,6.805109024,2.138442039,2.333333254,2.333333254,0,6.805109024
Alaska,AK,2,2009,6.805109024,2.138442039,2.333333254,2.333333254,0,6.805109024
Alaska,AK,2,2010,6.805109024,2.138442039,2.333333254,2.333333254,0,6.805109024
Alaska,AK,2,2011,6.805109024,2.138442039,2.333333254,2.333333254,0,6.805109024
Alaska,AK,2,2012,6.749985695,2.083318949,2.333333254,2.333333254,0,6.749985695
Alaska,AK,2,2013,6.541534424,1.874867439,2.333333254,2.333333254,0,6.541534424
Alaska,AK,2,2014,6.451277256,1.78461051,2.333333254,2.333333254,0,6.451277256
Arizona,AZ,4,1996,3.229480505,0.464737266,1.333333373,1.431409955,0,3.229480505
Arizona,AZ,4,1997,2.46227932,0.447535902,0.583333373,1.431409955,0,2.46227932
Arizona,AZ,4,1998,1.912750363,0.403557837,0.5,1.009192467,0,1.912750363
Arizona,AZ,4,1999,2.595425367,0.344965756,1.333333373,0.917126298,0,2.595425367
Arizona,AZ,4,2000,3.038409233,0.371742517,1.333333373,1.333333373,0,3.038409233
Arizona,AZ,4,2001,3.129321814,0.462655187,1.333333373,1.333333373,0,3.129321814
Arizona,AZ,4,2002,3.178739786,0.512073159,1.333333373,1.333333373,0,3.178739786
Arizona,AZ,4,2003,4.89581728,1.64581728,1.916666627,1.333333373,0,4.89581728
Arizona,AZ,4,2004,5.825965405,1.825965405,2.333333254,1.333333373,0.333333343,5.825965405
Arizona,AZ,4,2005,5.702130318,1.702130079,2.333333254,1.333333373,0.333333343,5.702130318
Arizona,AZ,4,2006,5.660183907,1.99351716,2.333333254,1.333333373,0,5.660183907
Arizona,AZ,4,2007,6.129157066,1.879157066,2.916666508,1.333333373,0,6.129157066
Arizona,AZ,4,2008,6.715361118,2.048694134,3.333333254,1.333333373,0,6.715361118
Arizona,AZ,4,2009,7.153614998,2.48694849,3.333333254,1.333333373,0,7.153614998
Arizona,AZ,4,2010,7.805109024,3.138442039,3.333333254,1.333333373,0,7.805109024
Arizona,AZ,4,2011,7.805109024,3.138442039,3.333333254,1.333333373,0,7.805109024
Arizona,AZ,4,2012,7.805109024,3.138442039,3.333333254,1.333333373,0,7.805109024
Arizona,AZ,4,2013,7.761238575,3.09457159,3.333333254,1.333333373,0,7.761238575
Arizona,AZ,4,2014,7.717367649,3.050700903,3.333333254,1.333333373,0,7.717367649
Arkansas,AR,5,1996,3.459243774,0.694500566,1.333333373,1.431409955,0,3.459243774
Arkansas,AR,5,1997,2.815314293,0.759016335,0.583333373,1.472964644,0,2.815314293
Arkansas,AR,5,1998,3.364631653,0.715206683,0.5,2.149424791,0,3.364631653
Arkansas,AR,5,1999,4.356028557,0.689361691,1.333333373,2.333333254,0,4.356028557
Arkansas,AR,5,2000,4.567224979,0.900558352,1.333333373,2.333333254,0,4.567224979
Arkansas,AR,5,2001,4.890843391,0.890843153,1.666666627,2.333333254,0,4.890843391
Arkansas,AR,5,2002,5.383865833,0.717199147,2.333333254,2.333333254,0,5.383865833
Arkansas,AR,5,2003,5.733475685,1.066809297,2.333333254,2.333333254,0,5.733475685
Arkansas,AR,5,2004,7.086623192,2.086622953,2.333333254,2.333333254,0.333333343,7.086623192
Arkansas,AR,5,2005,7.069708347,2.069708347,2.333333254,2.333333254,0.333333343,7.069708347
Arkansas,AR,5,2006,6.548830032,1.882163644,2.333333254,2.333333254,0,6.548830032
Arkansas,AR,5,2007,6.768470287,2.101803303,2.333333254,2.333333254,0,6.768470287
Arkansas,AR,5,2008,6.930241585,1.930241346,2.333333254,2.333333254,0.333333343,6.930241585
Arkansas,AR,5,2009,6.702044487,1.868710756,2.333333254,2.333333254,0.166666672,6.702044487
Arkansas,AR,5,2010,6.620395184,1.953728437,2.333333254,2.333333254,0,6.620395184
Arkansas,AR,5,2011,7.430786133,2.764119387,2.333333254,2.333333254,0,7.430786133
Arkansas,AR,5,2012,7.493879318,2.827212572,2.333333254,2.333333254,0,7.493879318
Arkansas,AR,5,2013,7.557559967,2.890893221,2.333333254,2.333333254,0,7.557559967
Arkansas,AR,5,2014,7.673239231,3.006572247,2.333333254,2.333333254,0,7.673239231
California,CA,6,1996,3.731451511,0.966708243,1.333333373,1.431409955,0,3.731451511
California,CA,6,1997,2.853500843,0.821421385,0.583333373,1.448746085,0,2.853500843
California,CA,6,1998,2.942577362,0.708487391,0.666666687,1.567423344,0,2.942577362
California,CA,6,1999,3.672865152,0.767194152,1.333333373,1.572337747,0,3.672865152
California,CA,6,2000,3.339447498,0.853200912,1.333333373,1.152913332,0,3.339447498
California,CA,6,2001,2.894981861,0.993671358,1.333333373,0.56797713,0,2.894981861
California,CA,6,2002,3.018388033,1.113188386,1.333333373,0.571866274,0,3.018388033
California,CA,6,2003,2.86775136,0.934373319,1.333333373,0.600044727,0,2.86775136
California,CA,6,2004,4.858767033,1.138442159,2.333333254,1.053658128,0.333333343,4.858767033
California,CA,6,2005,5.056789398,1.056789517,2.333333254,1.333333373,0.333333343,5.056789398
California,CA,6,2006,5.20544529,1.122111678,2.333333254,1.333333373,0.416666657,5.20544529
California,CA,6,2007,5.138442516,1.138442159,2.333333254,1.333333373,0.333333343,5.138442516
California,CA,6,2008,4.974398613,0.974398673,2.333333254,1.333333373,0.333333343,4.974398613
California,CA,6,2009,5.405536175,1.072202682,2.833333254,1.333333373,0.166666672,5.405536175
California,CA,6,2010,6.221775532,1.221775532,3.333333254,1.333333373,0.333333343,6.221775532
California,CA,6,2011,7.138442516,2.138442039,3.333333254,1.333333373,0.333333343,7.138442516
California,CA,6,2012,8.055109024,2.138442039,3.333333254,2.25,0.333333343,8.055109024
California,CA,6,2013,7.952001095,2.285334349,3.333333254,2.333333254,0,7.952001095
California,CA,6,2014,8.607543945,2.940877438,3.333333254,2.333333254,0,8.607543945
Colorado,CO,8,1996,3.281571865,0.516828656,1.333333373,1.431409955,0,3.281571865
Colorado,CO,8,1997,3.167289257,0.501877785,1.083333373,1.582078218,0,3.167289257
Colorado,CO,8,1998,4.106962681,0.49734813,1.333333373,2.27628088,0,4.106962681
Colorado,CO,8,1999,4.155442715,0.488776147,1.333333373,2.333333254,0,4.155442715
Colorado,CO,8,2000,4.117779255,0.45111236,1.333333373,2.333333254,0,4.117779255
Colorado,CO,8,2001,4.447055817,0.447055697,1.666666627,2.333333254,0,4.447055817
Colorado,CO,8,2002,5.289498806,0.622831941,2.333333254,2.333333254,0,5.289498806
Colorado,CO,8,2003,6.169139385,1.502472639,2.333333254,2.333333254,0,6.169139385
Colorado,CO,8,2004,6.574030399,1.57403028,2.333333254,2.333333254,0.333333343,6.574030399
Colorado,CO,8,2005,6.456086636,1.78941977,2.333333254,2.333333254,0,6.456086636
Colorado,CO,8,2006,6.770347595,1.937014341,2.333333254,2.333333254,0.166666672,6.770347595
Colorado,CO,8,2007,6.822145462,1.822145224,2.333333254,2.333333254,0.333333343,6.822145462
Colorado,CO,8,2008,6.734024048,1.734024286,2.333333254,2.333333254,0.333333343,6.734024048
Colorado,CO,8,2009,6.348069191,1.681402445,2.333333254,2.333333254,0,6.348069191
Colorado,CO,8,2010,6.7354002,1.735400319,2.333333254,2.333333254,0.333333343,6.7354002
Colorado,CO,8,2011,7.457520008,1.957519889,3.166666508,2.333333254,0,7.457520008
Colorado,CO,8,2012,8.39348793,2.726821184,3.333333254,2.333333254,0,8.39348793
Colorado,CO,8,2013,8.553829193,2.887162685,3.333333254,2.333333254,0,8.553829193
Colorado,CO,8,2014,8.521956444,2.855290174,3.333333254,2.333333254,0,8.521956444
Connecticut,CT,9,1996,4.468500137,0.703757048,2.333333254,1.431409955,0,4.468500137
Connecticut,CT,9,1997,4.278761864,0.936018169,1.583333373,1.759410501,0,4.278761864
Connecticut,CT,9,1998,5.078351974,0.661685407,2.083333254,2.333333254,0,5.078351974
Connecticut,CT,9,1999,5.553976536,0.88730973,2.333333254,2.333333254,0,5.553976536
Connecticut,CT,9,2000,5.544099808,0.8774333,2.333333254,2.333333254,0,5.544099808
Connecticut,CT,9,2001,5.309602737,0.976269305,2,2.333333254,0,5.309602737
Connecticut,CT,9,2002,4.6813097,1.014642596,1.333333373,2.333333254,0,4.6813097
Connecticut,CT,9,2003,5.488668442,1.822001934,1.333333373,2.333333254,0,5.488668442
Connecticut,CT,9,2004,6.04989481,2.049894571,1.333333373,2.333333254,0.333333343,6.04989481
Connecticut,CT,9,2005,6.000276089,2.00027585,1.333333373,2.333333254,0.333333343,6.000276089
Connecticut,CT,9,2006,6.221775532,2.138442039,1.333333373,2.333333254,0.416666657,6.221775532
Connecticut,CT,9,2007,6.805109024,2.138442039,2,2.333333254,0.333333343,6.805109024
Connecticut,CT,9,2008,7.138442516,2.138442039,2.333333254,2.333333254,0.333333343,7.138442516
Connecticut,CT,9,2009,7.307825089,1.974491835,2.833333254,2.333333254,0.166666672,7.307825089
Connecticut,CT,9,2010,7.805109024,2.138442039,3.333333254,2.333333254,0,7.805109024
Connecticut,CT,9,2011,8.036309242,2.036309242,3.333333254,2.333333254,0.333333343,8.036309242
Connecticut,CT,9,2012,7.879439831,1.879440069,3.333333254,2.333333254,0.333333343,7.879439831
Connecticut,CT,9,2013,7.805109024,2.138442039,3.333333254,2.333333254,0,7.805109024
Connecticut,CT,9,2014,7.805109024,2.138442039,3.333333254,2.333333254,0,7.805109024
Delaware,DE,10,1996,3.433395386,0.668651998,1.333333373,1.431409955,0,3.433395386
Delaware,DE,10,1997,3.045418978,1.030675769,0.583333373,1.431409955,0,3.045418978
Delaware,DE,10,1998,2.657267094,0.725857198,0.5,1.431409955,0,2.657267094
Delaware,DE,10,1999,3.497373581,0.732630253,1.333333373,1.431409955,0,3.497373581
Delaware,DE,10,2000,5.015782833,0.417705923,3.166666508,1.431409955,0,5.015782833
Delaware,DE,10,2001,5.127902985,0.363159746,3.333333254,1.431409955,0,5.127902985
Delaware,DE,10,2002,6.151579857,1.386836648,3.333333254,1.431409955,0,6.151579857
Delaware,DE,10,2003,6.921551704,1.815655351,3.333333254,1.772562742,0,6.921551704
Delaware,DE,10,2004,7.960688114,1.960687637,3.333333254,2.333333254,0.333333343,7.960688114
Delaware,DE,10,2005,8.221776009,2.555108786,3.333333254,2.333333254,0,8.221776009
Delaware,DE,10,2006,8.805109024,3.138442039,3.333333254,2.333333254,0,8.805109024
Delaware,DE,10,2007,8.805109024,3.138442039,3.333333254,2.333333254,0,8.805109024
Delaware,DE,10,2008,8.611572266,2.944905519,3.333333254,2.333333254,0,8.611572266
Delaware,DE,10,2009,8.658628464,2.991961956,3.333333254,2.333333254,0,8.658628464
Delaware,DE,10,2010,8.775813103,3.109146118,3.333333254,2.333333254,0,8.775813103
Delaware,DE,10,2011,8.666229248,2.99956274,3.333333254,2.333333254,0,8.666229248
Delaware,DE,10,2012,8.805109024,3.138442039,3.333333254,2.333333254,0,8.805109024
Delaware,DE,10,2013,8.805109024,3.138442039,3.333333254,2.333333254,0,8.805109024
Delaware,DE,10,2014,8.805109024,3.138442039,3.333333254,2.333333254,0,8.805109024
District of Columbia,DC,11,1996,3.394943237,0.63019979,1.333333373,1.431409955,0,3.394943237
District of Columbia,DC,11,1997,2.739858866,0.725115418,0.583333373,1.431409955,0,2.739858866
District of Columbia,DC,11,1998,3.351795912,1.138442159,0.5,1.713353872,0,3.351795912
District of Columbia,DC,11,1999,4.805109024,1.138442159,1.333333373,2.333333254,0,4.805109024
District of Columbia,DC,11,2000,4.59882164,0.932155013,1.333333373,2.333333254,0,4.59882164
District of Columbia,DC,11,2001,5.388442516,1.388442159,1.666666627,2.333333254,0,5.388442516
District of Columbia,DC,11,2002,6.770727634,2.104060888,2.333333254,2.333333254,0,6.770727634
District of Columbia,DC,11,2003,6.326316357,1.659649968,2.333333254,2.333333254,0,6.326316357
District of Columbia,DC,11,2004,6.805109024,2.138442039,2.333333254,2.333333254,0,6.805109024
District of Columbia,DC,11,2005,6.805109024,2.138442039,2.333333254,2.333333254,0,6.805109024
District of Columbia,DC,11,2006,7.138442516,2.138442039,2.333333254,2.333333254,0.333333343,7.138442516
District of Columbia,DC,11,2007,6.805109024,2.138442039,2.333333254,2.333333254,0,6.805109024
District of Columbia,DC,11,2008,6.805109024,2.138442039,2.333333254,2.333333254,0,6.805109024
District of Columbia,DC,11,2009,6.805109024,2.138442039,2.333333254,2.333333254,0,6.805109024
District of Columbia,DC,11,2010,7.555109024,2.138442039,3.083333254,2.333333254,0,7.555109024
District of Columbia,DC,11,2011,7.805109024,2.138442039,3.333333254,2.333333254,0,7.805109024
District of Columbia,DC,11,2012,7.805109024,2.138442039,3.333333254,2.333333254,0,7.805109024
District of Columbia,DC,11,2013,7.805109024,2.138442039,3.333333254,2.333333254,0,7.805109024
District of Columbia,DC,11,2014,7.805109024,2.138442039,3.333333254,2.333333254,0,7.805109024
Florida,FL,12,1996,3.253555298,0.48881197,1.333333373,1.431409955,0,3.253555298
Florida,FL,12,1997,2.538779259,0.493836194,0.583333373,1.461609602,0,2.538779259
Florida,FL,12,1998,2.764495373,0.483264536,0.5,1.781230807,0,2.764495373
Florida,FL,12,1999,4.131640434,0.464973778,1.333333373,2.333333254,0,4.131640434
Florida,FL,12,2000,4.122158051,0.455491543,1.333333373,2.333333254,0,4.122158051
Florida,FL,12,2001,4.135238647,0.468571723,1.333333373,2.333333254,0,4.135238647
Florida,FL,12,2002,4.148003101,0.481336564,1.333333373,2.333333254,0,4.148003101
Florida,FL,12,2003,4.659162521,0.992495894,1.333333373,2.333333254,0,4.659162521
Florida,FL,12,2004,5.936641693,1.936641693,1.333333373,2.333333254,0.333333343,5.936641693
Florida,FL,12,2005,6.696063042,2.696063042,1.333333373,2.333333254,0.333333343,6.696063042
Florida,FL,12,2006,7.076893806,3.076893568,1.333333373,2.333333254,0.333333343,7.076893806
Florida,FL,12,2007,7.138442516,3.138442039,1.333333373,2.333333254,0.333333343,7.138442516
Florida,FL,12,2008,7.138442516,3.138442039,1.333333373,2.333333254,0.333333343,7.138442516
Florida,FL,12,2009,7.732161045,2.898827314,2.333333254,2.333333254,0.166666672,7.732161045
Florida,FL,12,2010,8.638442039,3.138442039,2.833333254,2.333333254,0.333333343,8.638442039
Florida,FL,12,2011,9.138442039,3.138442039,3.333333254,2.333333254,0.333333343,9.138442039
Florida,FL,12,2012,8.672851563,3.006185293,3.333333254,2.333333254,0,8.672851563
Florida,FL,12,2013,8.805109024,3.138442039,3.333333254,2.333333254,0,8.805109024
Florida,FL,12,2014,8.70536232,3.038695812,3.333333254,2.333333254,0,8.70536232
Georgia,GA,13,1996,3.20208025,0.437336951,1.333333373,1.431409955,0,3.20208025
Georgia,GA,13,1997,2.504511118,0.425797701,0.583333373,1.495380163,0,2.504511118
Georgia,GA,13,1998,2.649706602,0.423618883,0.5,1.726087689,0,2.649706602
Georgia,GA,13,1999,4.103315353,0.436648905,1.333333373,2.333333254,0,4.103315353
Georgia,GA,13,2000,4.023537159,0.356870502,1.333333373,2.333333254,0,4.023537159
Georgia,GA,13,2001,4.025708675,0.359042168,1.333333373,2.333333254,0,4.025708675
Georgia,GA,13,2002,4.559760094,0.893093646,1.333333373,2.333333254,0,4.559760094
Georgia,GA,13,2003,5.310218811,1.643552303,1.333333373,2.333333254,0,5.310218811
Georgia,GA,13,2004,5.679123402,1.679123282,1.333333373,2.333333254,0.333333343,5.679123402
Georgia,GA,13,2005,5.760295868,1.676962376,1.416666746,2.333333254,0.333333343,5.760295868
Georgia,GA,13,2006,6.680001259,1.680001259,2.333333254,2.333333254,0.333333343,6.680001259
Georgia,GA,13,2007,6.632056236,1.632056117,2.333333254,2.333333254,0.333333343,6.632056236
Georgia,GA,13,2008,7.504242897,2.004242897,3.166666508,2.333333254,0,7.504242897
Georgia,GA,13,2009,8.805109024,3.138442039,3.333333254,2.333333254,0,8.805109024
Georgia,GA,13,2010,8.805109024,3.138442039,3.333333254,2.333333254,0,8.805109024
Georgia,GA,13,2011,9.138442039,3.138442039,3.333333254,2.333333254,0.333333343,9.138442039
Georgia,GA,13,2012,8.693712234,3.027045488,3.333333254,2.333333254,0,8.693712234
Georgia,GA,13,2013,8.782829285,3.116162777,3.333333254,2.333333254,0,8.782829285
Georgia,GA,13,2014,8.805109024,3.138442039,3.333333254,2.333333254,0,8.805109024
Hawaii,HI,15,1996,3.903185368,1.138442159,1.333333373,1.431409955,0,3.903185368
Hawaii,HI,15,1997,3.153185368,1.138442159,0.583333373,1.431409955,0,3.153185368
Hawaii,HI,15,1998,3.506141186,1.138442159,0.5,1.867699027,0,3.506141186
Hawaii,HI,15,1999,4.805109024,1.138442159,1.333333373,2.333333254,0,4.805109024
Hawaii,HI,15,2000,4.805109024,1.138442159,1.333333373,2.333333254,0,4.805109024
Hawaii,HI,15,2001,4.656790257,0.99012357,1.333333373,2.333333254,0,4.656790257
Hawaii,HI,15,2002,5.138442516,1.138442159,1.666666627,2.333333254,0,5.138442516
Hawaii,HI,15,2003,5.805109024,1.138442159,2.333333254,2.333333254,0,5.805109024
Hawaii,HI,15,2004,5.805109024,1.138442159,2.333333254,2.333333254,0,5.805109024
Hawaii,HI,15,2005,5.700761318,1.034094572,2.333333254,2.333333254,0,5.700761318
Hawaii,HI,15,2006,6.145778179,1.479111075,2.333333254,2.333333254,0,6.145778179
Hawaii,HI,15,2007,6.684753418,2.018086433,2.333333254,2.333333254,0,6.684753418
Hawaii,HI,15,2008,6.663276672,1.996609807,2.333333254,2.333333254,0,6.663276672
Hawaii,HI,15,2009,6.671002865,2.004336119,2.333333254,2.333333254,0,6.671002865
Hawaii,HI,15,2010,7.055109024,2.138442039,2.583333254,2.333333254,0,7.055109024
Hawaii,HI,15,2011,7.805109024,2.138442039,3.333333254,2.333333254,0,7.805109024
Hawaii,HI,15,2012,7.805109024,2.138442039,3.333333254,2.333333254,0,7.805109024
Hawaii,HI,15,2013,7.805109024,2.138442039,3.333333254,2.333333254,0,7.805109024
Hawaii,HI,15,2014,7.667519569,2.000852823,3.333333254,2.333333254,0,7.667519569
Idaho,ID,16,1996,3.355659485,0.590916216,1.333333373,1.431409955,0,3.355659485
Idaho,ID,16,1997,2.719949722,0.652231872,0.583333373,1.484384537,0,2.719949722
Idaho,ID,16,1998,3.346580744,0.572138131,0.5,2.274442434,0,3.346580744
Idaho,ID,16,1999,4.208215237,0.541548371,1.333333373,2.333333254,0,4.208215237
Idaho,ID,16,2000,4.207168579,0.540501952,1.333333373,2.333333254,0,4.207168579
Idaho,ID,16,2001,4.202183723,0.535517156,1.333333373,2.333333254,0,4.202183723
Idaho,ID,16,2002,4.256952286,0.59028554,1.333333373,2.333333254,0,4.256952286
Idaho,ID,16,2003,4.516534805,0.849868119,1.333333373,2.333333254,0,4.516534805
Idaho,ID,16,2004,5.33809948,1.671432853,1.333333373,2.333333254,0,5.33809948
Idaho,ID,16,2005,5.410223484,1.743556619,1.333333373,2.333333254,0,5.410223484
Idaho,ID,16,2006,5.675131321,2.008464336,1.333333373,2.333333254,0,5.675131321
Idaho,ID,16,2007,6.805109024,2.138442039,2,2.333333254,0.333333343,6.805109024
Idaho,ID,16,2008,6.805109024,2.138442039,2.333333254,2.333333254,0,6.805109024
Idaho,ID,16,2009,7.388442516,2.138442039,2.916666508,2.333333254,0,7.388442516
Idaho,ID,16,2010,7.805109024,2.138442039,3.333333254,2.333333254,0,7.805109024
Idaho,ID,16,2011,7.805109024,2.138442039,3.333333254,2.333333254,0,7.805109024
Idaho,ID,16,2012,7.676206589,2.009539604,3.333333254,2.333333254,0,7.676206589
Idaho,ID,16,2013,7.805109024,2.138442039,3.333333254,2.333333254,0,7.805109024
Idaho,ID,16,2014,7.805109024,2.138442039,3.333333254,2.333333254,0,7.805109024
Illinois,IL,17,1996,3.804010868,1.022261381,1.333333373,1.448415995,0,3.804010868
Illinois,IL,17,1997,3.07548213,0.842299521,0.583333373,1.649849176,0,3.07548213
Illinois,IL,17,1998,4.459197044,0.792530298,1.333333373,2.333333254,0,4.459197044
Illinois,IL,17,1999,4.274501324,0.607834458,1.333333373,2.333333254,0,4.274501324
Illinois,IL,17,2000,4.287889481,0.621222854,1.333333373,2.333333254,0,4.287889481
Illinois,IL,17,2001,4.733543873,0.733543992,1.666666627,2.333333254,0,4.733543873
Illinois,IL,17,2002,5.374294281,0.707627356,2.333333254,2.333333254,0,5.374294281
Illinois,IL,17,2003,5.639445782,0.972778857,2.333333254,2.333333254,0,5.639445782
Illinois,IL,17,2004,6.712046146,1.712045908,2.333333254,2.333333254,0.333333343,6.712046146
Illinois,IL,17,2005,6.705340862,1.705340981,2.333333254,2.333333254,0.333333343,6.705340862
Illinois,IL,17,2006,6.858267784,1.774934769,2.333333254,2.333333254,0.416666657,6.858267784
Illinois,IL,17,2007,7.138442516,2.138442039,2.333333254,2.333333254,0.333333343,7.138442516
Illinois,IL,17,2008,6.915097237,1.915096998,2.333333254,2.333333254,0.333333343,6.915097237
Illinois,IL,17,2009,7.971775532,3.138442039,2.333333254,2.333333254,0.166666672,7.971775532
Illinois,IL,17,2010,8.596141815,3.0961411,3.166666508,2.333333254,0,8.596141815
Illinois,IL,17,2011,8.603029251,2.936362267,3.333333254,2.333333254,0,8.603029251
Illinois,IL,17,2012,8.557237625,2.890570641,3.333333254,2.333333254,0,8.557237625
Illinois,IL,17,2013,8.805109024,3.138442039,3.333333254,2.333333254,0,8.805109024
Illinois,IL,17,2014,8.805109024,3.138442039,3.333333254,2.333333254,0,8.805109024
Indiana,IN,18,1996,3.222965479,0.45822224,1.333333373,1.431409955,0,3.222965479
Indiana,IN,18,1997,2.439795732,0.425052345,0.583333373,1.431409955,0,2.439795732
Indiana,IN,18,1998,2.358379602,0.426969558,0.5,1.431409955,0,2.358379602
Indiana,IN,18,1999,3.224553108,0.45980978,1.333333373,1.431409955,0,3.224553108
Indiana,IN,18,2000,3.251060963,0.486317784,1.333333373,1.431409955,0,3.251060963
Indiana,IN,18,2001,3.437319994,0.55887872,1.333333373,1.545107961,0,3.437319994
Indiana,IN,18,2002,5.116680622,0.566110492,2.333333254,2.217236996,0,5.116680622
Indiana,IN,18,2003,5.828287601,1.161620975,2.333333254,2.333333254,0,5.828287601
Indiana,IN,18,2004,6.400013447,1.733346939,2.333333254,2.333333254,0,6.400013447
Indiana,IN,18,2005,6.875713348,1.87571311,2.333333254,2.333333254,0.333333343,6.875713348
Indiana,IN,18,2006,6.894444466,1.811111331,2.333333254,2.333333254,0.416666657,6.894444466
Indiana,IN,18,2007,6.685620308,1.685620427,2.333333254,2.333333254,0.333333343,6.685620308
Indiana,IN,18,2008,6.368671417,1.702004671,2.333333254,2.333333254,0,6.368671417
Indiana,IN,18,2009,6.91815424,2.084820509,2.333333254,2.333333254,0.166666672,6.91815424
Indiana,IN,18,2010,6.561000347,1.894333601,2.333333254,2.333333254,0,6.561000347
Indiana,IN,18,2011,6.597754002,1.931087136,2.333333254,2.333333254,0,6.597754002
Indiana,IN,18,2012,6.623495102,1.956828237,2.333333254,2.333333254,0,6.623495102
Indiana,IN,18,2013,6.654718876,1.988052249,2.333333254,2.333333254,0,6.654718876
Indiana,IN,18,2014,6.786398888,2.119731903,2.333333254,2.333333254,0,6.786398888
Iowa,IA,19,1996,3.851354361,0.98279506,1.333333373,1.535225987,0,3.851354361
Iowa,IA,19,1997,2.977849007,0.857451022,0.583333373,1.537064552,0,2.977849007
Iowa,IA,19,1998,2.911787987,0.869585156,0.5,1.54220295,0,2.911787987
Iowa,IA,19,1999,3.960042953,1.082774282,1.333333373,1.543935299,0,3.960042953
Iowa,IA,19,2000,3.905117512,1.027106524,1.333333373,1.544677734,0,3.905117512
Iowa,IA,19,2001,3.769599676,0.885790229,1.333333373,1.550476074,0,3.769599676
Iowa,IA,19,2002,3.807121992,0.919411719,1.333333373,1.554377079,0,3.807121992
Iowa,IA,19,2003,4.031557083,0.951553106,1.333333373,1.746670604,0,4.031557083
Iowa,IA,19,2004,6.33423996,1.750906587,1.916666627,2.333333254,0.333333343,6.33423996
Iowa,IA,19,2005,6.931585312,1.931585312,2.333333254,2.333333254,0.333333343,6.931585312
Iowa,IA,19,2006,6.941748142,1.941748381,2.333333254,2.333333254,0.333333343,6.941748142
Iowa,IA,19,2007,7.561638355,2.561638117,2.333333254,2.333333254,0.333333343,7.561638355
Iowa,IA,19,2008,7.992184162,2.992184162,2.333333254,2.333333254,0.333333343,7.992184162
Iowa,IA,19,2009,7.5890131,2.755679846,2.333333254,2.333333254,0.166666672,7.5890131
Iowa,IA,19,2010,7.435530663,2.768863916,2.333333254,2.333333254,0,7.435530663
Iowa,IA,19,2011,8.44361496,2.77694869,3.333333254,2.333333254,0,8.44361496
Iowa,IA,19,2012,8.485715866,2.819048882,3.333333254,2.333333254,0,8.485715866
Iowa,IA,19,2013,8.489908218,2.823241949,3.333333254,2.333333254,0,8.489908218
Iowa,IA,19,2014,8.458817482,2.792150497,3.333333254,2.333333254,0,8.458817482
Kansas,KS,20,1996,3.976024151,1.138442159,1.333333373,1.504248619,0,3.976024151
Kansas,KS,20,1997,3.753264904,0.950879395,0.583333373,2.219051838,0,3.753264904
Kansas,KS,20,1998,3.671343327,0.838009953,0.5,2.333333254,0,3.671343327
Kansas,KS,20,1999,4.756637096,1.089970231,1.333333373,2.333333254,0,4.756637096
Kansas,KS,20,2000,4.640341759,0.973674774,1.333333373,2.333333254,0,4.640341759
Kansas,KS,20,2001,5.138442516,1.138442159,1.666666627,2.333333254,0,5.138442516
Kansas,KS,20,2002,5.805109024,1.138442159,2.333333254,2.333333254,0,5.805109024
Kansas,KS,20,2003,6.436570168,1.769903302,2.333333254,2.333333254,0,6.436570168
Kansas,KS,20,2004,7.805109024,3.138442039,2.333333254,2.333333254,0,7.805109024
Kansas,KS,20,2005,8.025923729,3.025923729,2.333333254,2.333333254,0.333333343,8.025923729
Kansas,KS,20,2006,8.138442039,3.138442039,2.333333254,2.333333254,0.333333343,8.138442039
Kansas,KS,20,2007,7.805109024,3.138442039,2.333333254,2.333333254,0,7.805109024
Kansas,KS,20,2008,7.994961739,2.994961262,2.333333254,2.333333254,0.333333343,7.994961739
Kansas,KS,20,2009,7.868933201,3.035599709,2.333333254,2.333333254,0.166666672,7.868933201
Kansas,KS,20,2010,7.697278023,3.030611038,2.333333254,2.333333254,0,7.697278023
Kansas,KS,20,2011,7.805109024,3.138442039,2.333333254,2.333333254,0,7.805109024
Kansas,KS,20,2012,7.805109024,3.138442039,2.333333254,2.333333254,0,7.805109024
Kansas,KS,20,2013,7.805109024,3.138442039,2.333333254,2.333333254,0,7.805109024
Kansas,KS,20,2014,7.805109024,3.138442039,2.333333254,2.333333254,0,7.805109024
Kentucky,KY,21,1996,3.191881418,0.427138001,1.333333373,1.431409955,0,3.191881418
Kentucky,KY,21,1997,2.443071127,0.428327769,0.583333373,1.431409955,0,2.443071127
Kentucky,KY,21,1998,2.347747087,0.416336983,0.5,1.431409955,0,2.347747087
Kentucky,KY,21,1999,3.413402796,0.424091935,1.333333373,1.655977488,0,3.413402796
Kentucky,KY,21,2000,4.091833591,0.425166994,1.333333373,2.333333254,0,4.091833591
Kentucky,KY,21,2001,4.401192665,0.401192635,1.666666627,2.333333254,0,4.401192665
Kentucky,KY,21,2002,6.073313713,1.406646848,2.333333254,2.333333254,0,6.073313713
Kentucky,KY,21,2003,6.304718018,1.63805151,2.333333254,2.333333254,0,6.304718018
Kentucky,KY,21,2004,6.923844814,1.923844576,2.333333254,2.333333254,0.333333343,6.923844814
Kentucky,KY,21,2005,7.085430145,2.085429668,2.333333254,2.333333254,0.333333343,7.085430145
Kentucky,KY,21,2006,6.741259575,1.741259575,2.333333254,2.333333254,0.333333343,6.741259575
Kentucky,KY,21,2007,6.831534386,1.831534386,2.333333254,2.333333254,0.333333343,6.831534386
Kentucky,KY,21,2008,6.50300312,1.836336374,2.333333254,2.333333254,0,6.50300312
Kentucky,KY,21,2009,6.598549366,1.765216112,2.333333254,2.333333254,0.166666672,6.598549366
Kentucky,KY,21,2010,7.294221878,2.04422164,2.916666508,2.333333254,0,7.294221878
Kentucky,KY,21,2011,7.694901943,2.028235197,3.333333254,2.333333254,0,7.694901943
Kentucky,KY,21,2012,7.742012024,2.075345516,3.333333254,2.333333254,0,7.742012024
Kentucky,KY,21,2013,7.696030617,2.029364109,3.333333254,2.333333254,0,7.696030617
Kentucky,KY,21,2014,7.474599361,1.807932734,3.333333254,2.333333254,0,7.474599361
Louisiana,LA,22,1996,3.144706726,0.379963309,1.333333373,1.431409955,0,3.144706726
Louisiana,LA,22,1997,2.581784248,0.367399156,0.583333373,1.63105166,0,2.581784248
Louisiana,LA,22,1998,3.209662914,0.376329541,0.5,2.333333254,0,3.209662914
Louisiana,LA,22,1999,4.06590271,0.399235994,1.333333373,2.333333254,0,4.06590271
Louisiana,LA,22,2000,4.05867815,0.392011404,1.333333373,2.333333254,0,4.05867815
Louisiana,LA,22,2001,4.953642368,0.953642368,1.666666627,2.333333254,0,4.953642368
Louisiana,LA,22,2002,6.242467403,1.575800538,2.333333254,2.333333254,0,6.242467403
Louisiana,LA,22,2003,6.272799015,1.606132269,2.333333254,2.333333254,0,6.272799015
Louisiana,LA,22,2004,6.568622589,1.901955962,2.333333254,2.333333254,0,6.568622589
Louisiana,LA,22,2005,6.736747742,2.070080996,2.333333254,2.333333254,0,6.736747742
Louisiana,LA,22,2006,6.805109024,2.138442039,2.333333254,2.333333254,0,6.805109024
Louisiana,LA,22,2007,7.138442516,2.138442039,2.333333254,2.333333254,0.333333343,7.138442516
Louisiana,LA,22,2008,6.805109024,2.138442039,2.333333254,2.333333254,0,6.805109024
Louisiana,LA,22,2009,6.971775532,2.138442039,2.333333254,2.333333254,0.166666672,6.971775532
Louisiana,LA,22,2010,8.138442039,2.805108786,3,2.333333254,0,8.138442039
Louisiana,LA,22,2011,9.138442039,3.138442039,3.333333254,2.333333254,0.333333343,9.138442039
Louisiana,LA,22,2012,8.805109024,3.138442039,3.333333254,2.333333254,0,8.805109024
Louisiana,LA,22,2013,8.805109024,3.138442039,3.333333254,2.333333254,0,8.805109024
Louisiana,LA,22,2014,8.388442039,3.138442039,2.916666508,2.333333254,0,8.388442039
Maine,ME,23,1996,3.187451839,0.42270866,1.333333373,1.431409955,0,3.187451839
Maine,ME,23,1997,2.430614471,0.415871114,0.583333373,1.431409955,0,2.430614471
Maine,ME,23,1998,2.448704481,0.350627869,0.666666687,1.431409955,0,2.448704481
Maine,ME,23,1999,3.126523256,0.361780047,1.333333373,1.431409955,0,3.126523256
Maine,ME,23,2000,3.781478882,0.350068808,2,1.431409955,0,3.781478882
Maine,ME,23,2001,5.110984802,0.346241534,3.333333254,1.431409955,0,5.110984802
Maine,ME,23,2002,5.132507801,0.367764711,3.333333254,1.431409955,0,5.132507801
Maine,ME,23,2003,6.392168045,1.074833035,3.333333254,1.984001517,0,6.392168045
Maine,ME,23,2004,7.261542797,1.59487617,3.333333254,2.333333254,0,7.261542797
Maine,ME,23,2005,7.781514645,2.11484766,3.333333254,2.333333254,0,7.781514645
Maine,ME,23,2006,7.521007061,1.854340434,3.333333254,2.333333254,0,7.521007061
Maine,ME,23,2007,7.693974018,2.027307034,3.333333254,2.333333254,0,7.693974018
Maine,ME,23,2008,7.582602501,1.915935636,3.333333254,2.333333254,0,7.582602501
Maine,ME,23,2009,7.805109024,2.138442039,3.333333254,2.333333254,0,7.805109024
Maine,ME,23,2010,7.805109024,2.138442039,3.333333254,2.333333254,0,7.805109024
Maine,ME,23,2011,8.030041695,2.36337471,3.333333254,2.333333254,0,8.030041695
Maine,ME,23,2012,8.657649994,2.990983486,3.333333254,2.333333254,0,8.657649994
Maine,ME,23,2013,8.540311813,2.873645306,3.333333254,2.333333254,0,8.540311813
Maine,ME,23,2014,8.805109024,3.138442039,3.333333254,2.333333254,0,8.805109024
Maryland,MD,24,1996,4.353523254,0.686856747,1.333333373,2.333333254,0,4.353523254
Maryland,MD,24,1997,3.673683405,0.757016718,0.583333373,2.333333254,0,3.673683405
Maryland,MD,24,1998,3.546189308,0.712855816,0.5,2.333333254,0,3.546189308
Maryland,MD,24,1999,4.214558125,0.547891378,1.333333373,2.333333254,0,4.214558125
Maryland,MD,24,2000,4.201821804,0.535155237,1.333333373,2.333333254,0,4.201821804
Maryland,MD,24,2001,6.129597664,0.79626441,3,2.333333254,0,6.129597664
Maryland,MD,24,2002,7.247735023,1.581068516,3.333333254,2.333333254,0,7.247735023
Maryland,MD,24,2003,7.281980038,1.61531353,3.333333254,2.333333254,0,7.281980038
Maryland,MD,24,2004,7.710978031,1.710978031,3.333333254,2.333333254,0.333333343,7.710978031
Maryland,MD,24,2005,7.688709259,1.688709497,3.333333254,2.333333254,0.333333343,7.688709259
Maryland,MD,24,2006,7.774673462,1.774673223,3.333333254,2.333333254,0.333333343,7.774673462
Maryland,MD,24,2007,8.887227058,2.887227297,3.333333254,2.333333254,0.333333343,8.887227058
Maryland,MD,24,2008,8.934979439,2.934978962,3.333333254,2.333333254,0.333333343,8.934979439
Maryland,MD,24,2009,8.619119644,2.785785913,3.333333254,2.333333254,0.166666672,8.619119644
Maryland,MD,24,2010,8.681051254,3.014384508,3.333333254,2.333333254,0,8.681051254
Maryland,MD,24,2011,8.61243248,2.945765495,3.333333254,2.333333254,0,8.61243248
Maryland,MD,24,2012,8.53293705,2.866270304,3.333333254,2.333333254,0,8.53293705
Maryland,MD,24,2013,8.415366173,2.748699188,3.333333254,2.333333254,0,8.415366173
Maryland,MD,24,2014,8.606856346,2.940189362,3.333333254,2.333333254,0,8.606856346
Massachusetts,MA,25,1996,3.227989674,0.463246465,1.333333373,1.431409955,0,3.227989674
Massachusetts,MA,25,1997,3.036768436,0.459369004,0.833333373,1.744066119,0,3.036768436
Massachusetts,MA,25,1998,4.126437187,0.459770381,1.333333373,2.333333254,0,4.126437187
Massachusetts,MA,25,1999,4.119484901,0.452818155,1.333333373,2.333333254,0,4.119484901
Massachusetts,MA,25,2000,4.081419468,0.41475302,1.333333373,2.333333254,0,4.081419468
Massachusetts,MA,25,2001,4.595832825,0.429166317,1.833333373,2.333333254,0,4.595832825
Massachusetts,MA,25,2002,6.299167156,0.632500529,3.333333254,2.333333254,0,6.299167156
Massachusetts,MA,25,2003,7.223785877,1.55711925,3.333333254,2.333333254,0,7.223785877
Massachusetts,MA,25,2004,7.742169857,1.742169857,3.333333254,2.333333254,0.333333343,7.742169857
Massachusetts,MA,25,2005,7.807775021,1.807775021,3.333333254,2.333333254,0.333333343,7.807775021
Massachusetts,MA,25,2006,7.850885868,1.850885868,3.333333254,2.333333254,0.333333343,7.850885868
Massachusetts,MA,25,2007,7.762428284,1.762427926,3.333333254,2.333333254,0.333333343,7.762428284
Massachusetts,MA,25,2008,8.587526321,2.587526083,3.333333254,2.333333254,0.333333343,8.587526321
Massachusetts,MA,25,2009,8.636829376,2.803496122,3.333333254,2.333333254,0.166666672,8.636829376
Massachusetts,MA,25,2010,8.434957504,2.768290758,3.333333254,2.333333254,0,8.434957504
Massachusetts,MA,25,2011,8.469660759,2.802994251,3.333333254,2.333333254,0,8.469660759
Massachusetts,MA,25,2012,8.572568893,2.905901432,3.333333254,2.333333254,0,8.572568893
Massachusetts,MA,25,2013,8.390534401,2.723868132,3.333333254,2.333333254,0,8.390534401
Massachusetts,MA,25,2014,8.628515244,2.961848736,3.333333254,2.333333254,0,8.628515244
Michigan,MI,26,1996,4.433402538,0.668659151,2.333333254,1.431409955,0,4.433402538
Michigan,MI,26,1997,3.900400877,0.885657668,1.583333373,1.431409955,0,3.900400877
Michigan,MI,26,1998,3.503390312,0.571980417,1.5,1.431409955,0,3.503390312
Michigan,MI,26,1999,4.013388634,0.498645395,2.083333254,1.431409955,0,4.013388634
Michigan,MI,26,2000,3.783528566,0.449069709,1.833333373,1.501125455,0,3.783528566
Michigan,MI,26,2001,6.167230129,0.857408047,3.333333254,1.976488352,0,6.167230129
Michigan,MI,26,2002,7.257081032,1.590414524,3.333333254,2.333333254,0,7.257081032
Michigan,MI,26,2003,7.265072823,1.598406076,3.333333254,2.333333254,0,7.265072823
Michigan,MI,26,2004,7.699384689,1.699385047,3.333333254,2.333333254,0.333333343,7.699384689
Michigan,MI,26,2005,7.38222456,1.715557933,3.333333254,2.333333254,0,7.38222456
Michigan,MI,26,2006,8.085788727,2.085788012,3.333333254,2.333333254,0.333333343,8.085788727
Michigan,MI,26,2007,8.138442039,2.138442039,3.333333254,2.333333254,0.333333343,8.138442039
Michigan,MI,26,2008,8.138442039,2.138442039,3.333333254,2.333333254,0.333333343,8.138442039
Michigan,MI,26,2009,8.221776009,2.555108786,3.333333254,2.333333254,0,8.221776009
Michigan,MI,26,2010,8.805109024,3.138442039,3.333333254,2.333333254,0,8.805109024
Michigan,MI,26,2011,8.355724335,2.939056873,3.083333254,2.333333254,0,8.355724335
Michigan,MI,26,2012,8.805109024,3.138442039,3.333333254,2.333333254,0,8.805109024
Michigan,MI,26,2013,8.805109024,3.138442039,3.333333254,2.333333254,0,8.805109024
Michigan,MI,26,2014,8.805109024,3.138442039,3.333333254,2.333333254,0,8.805109024
Minnesota,MN,27,1996,4.070900917,1.138442159,1.333333373,1.599125504,0,4.070900917
Minnesota,MN,27,1997,4.071714401,1.138442159,1.333333373,1.59993875,0,4.071714401
Minnesota,MN,27,1998,3.88966918,0.918684244,1.333333373,1.637651443,0,3.88966918
Minnesota,MN,27,1999,4.117025375,1.111769319,1.333333373,1.671922922,0,4.117025375
Minnesota,MN,27,2000,4.145878792,1.138442159,1.333333373,1.674103141,0,4.145878792
Minnesota,MN,27,2001,4.142720222,1.138442159,1.333333373,1.670944691,0,4.142720222
Minnesota,MN,27,2002,4.136556625,1.138442159,1.333333373,1.664781094,0,4.136556625
Minnesota,MN,27,2003,4.13831234,1.138442159,1.333333373,1.666537046,0,4.13831234
Minnesota,MN,27,2004,4.468216419,1.138442159,1.333333373,1.663107514,0.333333343,4.468216419
Minnesota,MN,27,2005,4.850893021,0.850893021,1.333333373,2.333333254,0.333333343,4.850893021
Minnesota,MN,27,2006,5.087834358,0.921167672,1.5,2.333333254,0.333333343,5.087834358
Minnesota,MN,27,2007,6.984680176,0.984680057,3.333333254,2.333333254,0.333333343,6.984680176
Minnesota,MN,27,2008,6.886023521,0.886023164,3.333333254,2.333333254,0.333333343,6.886023521
Minnesota,MN,27,2009,7.448832989,1.615499854,3.333333254,2.333333254,0.166666672,7.448832989
Minnesota,MN,27,2010,7.503461838,1.836795092,3.333333254,2.333333254,0,7.503461838
Minnesota,MN,27,2011,7.761668205,2.095001459,3.333333254,2.333333254,0,7.761668205
Minnesota,MN,27,2012,8.263525009,2.596857786,3.333333254,2.333333254,0,8.263525009
Minnesota,MN,27,2013,8.729036331,3.062369108,3.333333254,2.333333254,0,8.729036331
Minnesota,MN,27,2014,8.688203812,3.021537304,3.333333254,2.333333254,0,8.688203812
Mississippi,MS,28,1996,3.556714535,0.791971266,1.333333373,1.431409955,0,3.556714535
Mississippi,MS,28,1997,3.064182758,1.049439549,0.583333373,1.431409955,0,3.064182758
Mississippi,MS,28,1998,2.988360643,1.056950808,0.5,1.431409955,0,2.988360643
Mississippi,MS,28,1999,3.704355955,0.939612567,1.333333373,1.431409955,0,3.704355955
Mississippi,MS,28,2000,3.484264612,0.719521344,1.333333373,1.431409955,0,3.484264612
Mississippi,MS,28,2001,3.594625711,0.829882324,1.333333373,1.431409955,0,3.594625711
Mississippi,MS,28,2002,4.199931622,1.138442159,1.333333373,1.72815609,0,4.199931622
Mississippi,MS,28,2003,5.154037952,0.904038012,1.916666627,2.333333254,0,5.154037952
Mississippi,MS,28,2004,5.754902363,0.754902363,2.333333254,2.333333254,0.333333343,5.754902363
Mississippi,MS,28,2005,6.82071209,1.820711851,2.333333254,2.333333254,0.333333343,6.82071209
Mississippi,MS,28,2006,7.138442516,2.138442039,2.333333254,2.333333254,0.333333343,7.138442516
Mississippi,MS,28,2007,7.020376682,2.020376444,2.333333254,2.333333254,0.333333343,7.020376682
Mississippi,MS,28,2008,7.138442516,2.138442039,2.333333254,2.333333254,0.333333343,7.138442516
Mississippi,MS,28,2009,6.860719204,2.02738595,2.333333254,2.333333254,0.166666672,6.860719204
Mississippi,MS,28,2010,7.388442516,2.138442039,2.916666508,2.333333254,0,7.388442516
Mississippi,MS,28,2011,8.138442039,2.138442039,3.333333254,2.333333254,0.333333343,8.138442039
Mississippi,MS,28,2012,7.578739166,1.91207242,3.333333254,2.333333254,0,7.578739166
Mississippi,MS,28,2013,7.805109024,2.138442039,3.333333254,2.333333254,0,7.805109024
Mississippi,MS,28,2014,7.805109024,2.138442039,3.333333254,2.333333254,0,7.805109024
Missouri,MO,29,1996,3.418845892,0.654102504,1.333333373,1.431409955,0,3.418845892
Missouri,MO,29,1997,2.553715229,0.435244113,0.583333373,1.535137653,0,2.553715229
Missouri,MO,29,1998,2.93689394,0.337662339,0.5,2.099231482,0,2.93689394
Missouri,MO,29,1999,4.008629322,0.341962695,1.333333373,2.333333254,0,4.008629322
Missouri,MO,29,2000,4.010292053,0.343625486,1.333333373,2.333333254,0,4.010292053
Missouri,MO,29,2001,5.063086033,1.063085914,1.666666627,2.333333254,0,5.063086033
Missouri,MO,29,2002,6.189766407,1.523100019,2.333333254,2.333333254,0,6.189766407
Missouri,MO,29,2003,6.359712124,1.693045616,2.333333254,2.333333254,0,6.359712124
Missouri,MO,29,2004,6.928750992,1.928750634,2.333333254,2.333333254,0.333333343,6.928750992
Missouri,MO,29,2005,7.138442516,2.138442039,2.333333254,2.333333254,0.333333343,7.138442516
Missouri,MO,29,2006,7.138442516,2.138442039,2.333333254,2.333333254,0.333333343,7.138442516
Missouri,MO,29,2007,6.889904499,1.889904261,2.333333254,2.333333254,0.333333343,6.889904499
Missouri,MO,29,2008,7.051973343,2.051973104,2.333333254,2.333333254,0.333333343,7.051973343
Missouri,MO,29,2009,6.785739422,1.952406049,2.333333254,2.333333254,0.166666672,6.785739422
Missouri,MO,29,2010,6.780278206,2.113611221,2.333333254,2.333333254,0,6.780278206
Missouri,MO,29,2011,6.680954456,2.01428771,2.333333254,2.333333254,0,6.680954456
Missouri,MO,29,2012,7.318400383,2.651733637,2.333333254,2.333333254,0,7.318400383
Missouri,MO,29,2013,7.735067368,3.068400383,2.333333254,2.333333254,0,7.735067368
Missouri,MO,29,2014,7.805109024,3.138442039,2.333333254,2.333333254,0,7.805109024
Montana,MT,30,1996,4.495818138,0.814408243,2.25,1.431409955,0,4.495818138
Montana,MT,30,1997,4.00288868,0.988145411,1.583333373,1.431409955,0,4.00288868
Montana,MT,30,1998,3.59116745,0.659757435,1.5,1.431409955,0,3.59116745
Montana,MT,30,1999,4.84999752,1.085254192,2.333333254,1.431409955,0,4.84999752
Montana,MT,30,2000,4.903185368,1.138442159,2.333333254,1.431409955,0,4.903185368
Montana,MT,30,2001,4.874710083,1.109966755,2.333333254,1.431409955,0,4.874710083
Montana,MT,30,2002,6.177593231,1.829398394,2.333333254,2.014861107,0,6.177593231
Montana,MT,30,2003,6.660338402,1.993671298,2.333333254,2.333333254,0,6.660338402
Montana,MT,30,2004,6.805109024,2.138442039,2.333333254,2.333333254,0,6.805109024
Montana,MT,30,2005,6.805109024,2.138442039,2.333333254,2.333333254,0,6.805109024
Montana,MT,30,2006,7.008314133,2.008313894,2.333333254,2.333333254,0.333333343,7.008314133
Montana,MT,30,2007,6.826517582,1.826517344,2.333333254,2.333333254,0.333333343,6.826517582
Montana,MT,30,2008,6.728824615,2.062157631,2.333333254,2.333333254,0,6.728824615
Montana,MT,30,2009,7.418483257,1.918483615,3.166666508,2.333333254,0,7.418483257
Montana,MT,30,2010,7.805109024,2.138442039,3.333333254,2.333333254,0,7.805109024
Montana,MT,30,2011,8.638442039,2.971775293,3.333333254,2.333333254,0,8.638442039
Montana,MT,30,2012,8.805109024,3.138442039,3.333333254,2.333333254,0,8.805109024
Montana,MT,30,2013,8.805109024,3.138442039,3.333333254,2.333333254,0,8.805109024
Montana,MT,30,2014,8.805109024,3.138442039,3.333333254,2.333333254,0,8.805109024
Nebraska,NE,31,1996,3.377863646,0.613120317,1.333333373,1.431409955,0,3.377863646
Nebraska,NE,31,1997,3.089734077,0.658324003,1,1.431409955,0,3.089734077
Nebraska,NE,31,1998,3.437125921,0.672382474,1.333333373,1.431409955,0,3.437125921
Nebraska,NE,31,1999,3.386729479,0.621986151,1.333333373,1.431409955,0,3.386729479
Nebraska,NE,31,2000,3.199464321,0.434720904,1.333333373,1.431409955,0,3.199464321
Nebraska,NE,31,2001,3.158321142,0.385345906,1.333333373,1.439641953,0,3.158321142
Nebraska,NE,31,2002,3.544940233,0.380336016,1.333333373,1.831270933,0,3.544940233
Nebraska,NE,31,2003,4.672708511,1.006042004,1.333333373,2.333333254,0,4.672708511
Nebraska,NE,31,2004,5.722208977,1.722209096,1.333333373,2.333333254,0.333333343,5.722208977
Nebraska,NE,31,2005,5.825714588,1.825714588,1.333333373,2.333333254,0.333333343,5.825714588
Nebraska,NE,31,2006,5.764122963,1.764123082,1.333333373,2.333333254,0.333333343,5.764122963
Nebraska,NE,31,2007,5.826660633,1.826660633,1.333333373,2.333333254,0.333333343,5.826660633
Nebraska,NE,31,2008,5.646706104,1.980039239,1.333333373,2.333333254,0,5.646706104
Nebraska,NE,31,2009,6.621355534,2.954688787,1.333333373,2.333333254,0,6.621355534
Nebraska,NE,31,2010,6.751064301,3.084397554,1.333333373,2.333333254,0,6.751064301
Nebraska,NE,31,2011,7.001064301,3.084397554,1.583333373,2.333333254,0,7.001064301
Nebraska,NE,31,2012,7.805109024,3.138442039,2.333333254,2.333333254,0,7.805109024
Nebraska,NE,31,2013,7.805109024,3.138442039,2.333333254,2.333333254,0,7.805109024
Nebraska,NE,31,2014,8.555109024,3.138442039,3.083333254,2.333333254,0,8.555109024
Nevada,NV,32,1996,3.411495924,0.646752477,1.333333373,1.431409955,0,3.411495924
Nevada,NV,32,1997,2.692064285,0.677320719,0.583333373,1.431409955,0,2.692064285
Nevada,NV,32,1998,2.425590277,0.494180232,0.5,1.431409955,0,2.425590277
Nevada,NV,32,1999,3.206516743,0.441773474,1.333333373,1.431409955,0,3.206516743
Nevada,NV,32,2000,3.234096289,0.469352961,1.333333373,1.431409955,0,3.234096289
Nevada,NV,32,2001,3.611804724,0.485013336,1.666666627,1.460124731,0,3.611804724
Nevada,NV,32,2002,4.78417635,0.493069291,2.333333254,1.957773447,0,4.78417635
Nevada,NV,32,2003,5.173862457,0.50719589,2.333333254,2.333333254,0,5.173862457
Nevada,NV,32,2004,6.032922745,1.032922626,2.333333254,2.333333254,0.333333343,6.032922745
Nevada,NV,32,2005,6.610984325,1.610984445,2.333333254,2.333333254,0.333333343,6.610984325
Nevada,NV,32,2006,6.981773853,1.898440361,2.333333254,2.333333254,0.416666657,6.981773853
Nevada,NV,32,2007,6.344847202,1.678180814,2.333333254,2.333333254,0,6.344847202
Nevada,NV,32,2008,6.6302104,1.963543892,2.333333254,2.333333254,0,6.6302104
Nevada,NV,32,2009,7.284087181,1.867420673,3.083333254,2.333333254,0,7.284087181
Nevada,NV,32,2010,7.805109024,2.138442039,3.333333254,2.333333254,0,7.805109024
Nevada,NV,32,2011,7.870775223,2.204108238,3.333333254,2.333333254,0,7.870775223
Nevada,NV,32,2012,8.64036274,2.973696232,3.333333254,2.333333254,0,8.64036274
Nevada,NV,32,2013,8.761976242,3.095309734,3.333333254,2.333333254,0,8.761976242
Nevada,NV,32,2014,8.805109024,3.138442039,3.333333254,2.333333254,0,8.805109024
New Hampshire,NH,33,1996,3.306972504,0.542229295,1.333333373,1.431409955,0,3.306972504
New Hampshire,NH,33,1997,2.549285889,0.534542441,0.583333373,1.431409955,0,2.549285889
New Hampshire,NH,33,1998,2.520672321,0.529528975,0.5,1.491143346,0,2.520672321
New Hampshire,NH,33,1999,4.175510883,0.508844376,1.333333373,2.333333254,0,4.175510883
New Hampshire,NH,33,2000,4.168361664,0.501695037,1.333333373,2.333333254,0,4.168361664
New Hampshire,NH,33,2001,5.201635361,1.201635599,1.666666627,2.333333254,0,5.201635361
New Hampshire,NH,33,2002,6.682011604,2.015345097,2.333333254,2.333333254,0,6.682011604
New Hampshire,NH,33,2003,6.805109024,2.138442039,2.333333254,2.333333254,0,6.805109024
New Hampshire,NH,33,2004,7.138442516,2.138442039,2.333333254,2.333333254,0.333333343,7.138442516
New Hampshire,NH,33,2005,6.937150478,1.937150598,2.333333254,2.333333254,0.333333343,6.937150478
New Hampshire,NH,33,2006,6.854684353,1.854684472,2.333333254,2.333333254,0.333333343,6.854684353
New Hampshire,NH,33,2007,6.235361099,1.568694234,2.333333254,2.333333254,0,6.235361099
New Hampshire,NH,33,2008,6.991005421,1.991005063,2.333333254,2.333333254,0.333333343,6.991005421
New Hampshire,NH,33,2009,7.159065723,1.659065843,3,2.333333254,0.166666672,7.159065723
New Hampshire,NH,33,2010,7.351394653,1.684728026,3.333333254,2.333333254,0,7.351394653
New Hampshire,NH,33,2011,7.792304516,2.12563777,3.333333254,2.333333254,0,7.792304516
New Hampshire,NH,33,2012,8.486005783,2.819339275,3.333333254,2.333333254,0,8.486005783
New Hampshire,NH,33,2013,8.292118073,2.625451565,3.333333254,2.333333254,0,8.292118073
New Hampshire,NH,33,2014,8.294798851,2.628132105,3.333333254,2.333333254,0,8.294798851
New Jersey,NJ,34,1996,3.558861494,0.619119287,1.333333373,1.606408834,0,3.558861494
New Jersey,NJ,34,1997,3.217701435,0.693565249,0.916666687,1.60746944,0,3.217701435
New Jersey,NJ,34,1998,3.52639246,0.577929199,1.333333373,1.615129828,0,3.52639246
New Jersey,NJ,34,1999,4.004560471,0.568884194,1.333333373,2.102342844,0,4.004560471
New Jersey,NJ,34,2000,4.207312107,0.540645301,1.333333373,2.333333254,0,4.207312107
New Jersey,NJ,34,2001,4.238134861,0.571467996,1.333333373,2.333333254,0,4.238134861
New Jersey,NJ,34,2002,5.632274628,1.965608001,1.333333373,2.333333254,0,5.632274628
New Jersey,NJ,34,2003,5.429456711,1.762789845,1.333333373,2.333333254,0,5.429456711
New Jersey,NJ,34,2004,5.980354786,1.980354548,1.333333373,2.333333254,0.333333343,5.980354786
New Jersey,NJ,34,2005,7.138442516,3.138442039,1.333333373,2.333333254,0.333333343,7.138442516
New Jersey,NJ,34,2006,7.221775532,3.138442039,1.333333373,2.333333254,0.416666657,7.221775532
New Jersey,NJ,34,2007,7.580172539,2.913505793,2,2.333333254,0.333333343,7.580172539
New Jersey,NJ,34,2008,7.750336647,2.750336885,2.333333254,2.333333254,0.333333343,7.750336647
New Jersey,NJ,34,2009,7.493406296,2.660072803,2.333333254,2.333333254,0.166666672,7.493406296
New Jersey,NJ,34,2010,8.459663391,3.042996168,3.083333254,2.333333254,0,8.459663391
New Jersey,NJ,34,2011,8.988639832,2.988639832,3.333333254,2.333333254,0.333333343,8.988639832
New Jersey,NJ,34,2012,8.751928329,2.751927853,3.333333254,2.333333254,0.333333343,8.751928329
New Jersey,NJ,34,2013,8.635392189,2.968725681,3.333333254,2.333333254,0,8.635392189
New Jersey,NJ,34,2014,8.655711174,2.989044905,3.333333254,2.333333254,0,8.655711174
New Mexico,NM,35,1996,3.974765301,0.415591598,1.333333373,2.22584033,0,3.974765301
New Mexico,NM,35,1997,3.30960989,0.392943174,0.583333373,2.333333254,0,3.30960989
New Mexico,NM,35,1998,3.181130171,0.347796798,0.5,2.333333254,0,3.181130171
New Mexico,NM,35,1999,4.020777702,0.354111135,1.333333373,2.333333254,0,4.020777702
New Mexico,NM,35,2000,4.034588814,0.367922366,1.333333373,2.333333254,0,4.034588814
New Mexico,NM,35,2001,4.043540955,0.376874238,1.333333373,2.333333254,0,4.043540955
New Mexico,NM,35,2002,5.116446018,0.449779242,2.333333254,2.333333254,0,5.116446018
New Mexico,NM,35,2003,5.197600365,0.530933738,2.333333254,2.333333254,0,5.197600365
New Mexico,NM,35,2004,6.538882256,1.538882256,2.333333254,2.333333254,0.333333343,6.538882256
New Mexico,NM,35,2005,6.546006203,1.546006441,2.333333254,2.333333254,0.333333343,6.546006203
New Mexico,NM,35,2006,6.623706341,1.540372968,2.333333254,2.333333254,0.416666657,6.623706341
New Mexico,NM,35,2007,6.529421329,1.529421449,2.333333254,2.333333254,0.333333343,6.529421329
New Mexico,NM,35,2008,6.559659958,1.559659958,2.333333254,2.333333254,0.333333343,6.559659958
New Mexico,NM,35,2009,6.526483059,1.693149567,2.333333254,2.333333254,0.166666672,6.526483059
New Mexico,NM,35,2010,7.470635891,2.053969145,3.083333254,2.333333254,0,7.470635891
New Mexico,NM,35,2011,7.67585516,2.009188414,3.333333254,2.333333254,0,7.67585516
New Mexico,NM,35,2012,7.692658901,2.025991917,3.333333254,2.333333254,0,7.692658901
New Mexico,NM,35,2013,7.7423563,2.075689316,3.333333254,2.333333254,0,7.7423563
New Mexico,NM,35,2014,7.732762814,2.066096067,3.333333254,2.333333254,0,7.732762814
New York,NY,36,1996,2.335648537,0.570905328,1.333333373,0.431409985,0,2.335648537
New York,NY,36,1997,1.930363655,0.582286894,0.916666687,0.431409985,0,1.930363655
New York,NY,36,1998,2.476563454,0.711820185,1.333333373,0.431409985,0,2.476563454
New York,NY,36,1999,2.512225628,0.625587702,1.333333373,0.553304553,0,2.512225628
New York,NY,36,2000,2.607414484,0.655887127,1.333333373,0.618194044,0,2.607414484
New York,NY,36,2001,4.087309837,1.478025317,1.333333373,1.275951147,0,4.087309837
New York,NY,36,2002,5.426586151,1.759919405,2.333333254,1.333333373,0,5.426586151
New York,NY,36,2003,5.383012772,1.716346264,2.333333254,1.333333373,0,5.383012772
New York,NY,36,2004,5.894767284,1.894767165,2.333333254,1.333333373,0.333333343,5.894767284
New York,NY,36,2005,5.822557449,1.822557449,2.333333254,1.333333373,0.333333343,5.822557449
New York,NY,36,2006,6.072389126,1.989055634,2.333333254,1.333333373,0.416666657,6.072389126
New York,NY,36,2007,6.468514442,1.885181069,2.333333254,1.916666627,0.333333343,6.468514442
New York,NY,36,2008,8.024204254,2.024203777,3.333333254,2.333333254,0.333333343,8.024204254
New York,NY,36,2009,7.700632095,1.867298841,3.333333254,2.333333254,0.166666672,7.700632095
New York,NY,36,2010,7.805109024,2.138442039,3.333333254,2.333333254,0,7.805109024
New York,NY,36,2011,8.971776009,2.971775293,3.333333254,2.333333254,0.333333343,8.971776009
New York,NY,36,2012,8.875576973,2.875576973,3.333333254,2.333333254,0.333333343,8.875576973
New York,NY,36,2013,8.758063316,3.091396332,3.333333254,2.333333254,0,8.758063316
New York,NY,36,2014,8.629210472,2.962543964,3.333333254,2.333333254,0,8.629210472
North Carolina,NC,37,1996,3.11823082,0.353487581,1.333333373,1.431409955,0,3.11823082
North Carolina,NC,37,1997,2.371904135,0.357160777,0.583333373,1.431409955,0,2.371904135
North Carolina,NC,37,1998,2.410167217,0.374652386,0.5,1.535514832,0,2.410167217
North Carolina,NC,37,1999,3.738938808,0.368352413,1.333333373,2.037253141,0,3.738938808
North Carolina,NC,37,2000,4.024483204,0.357816577,1.333333373,2.333333254,0,4.024483204
North Carolina,NC,37,2001,4.339009762,0.339009792,1.666666627,2.333333254,0,4.339009762
North Carolina,NC,37,2002,5.004336357,0.337669522,2.333333254,2.333333254,0,5.004336357
North Carolina,NC,37,2003,5.634134769,0.967467964,2.333333254,2.333333254,0,5.634134769
North Carolina,NC,37,2004,6.575986862,1.575986981,2.333333254,2.333333254,0.333333343,6.575986862
North Carolina,NC,37,2005,6.619255543,1.619255543,2.333333254,2.333333254,0.333333343,6.619255543
North Carolina,NC,37,2006,6.471402645,1.63806951,2.333333254,2.333333254,0.166666672,6.471402645
North Carolina,NC,37,2007,6.312698841,1.646032214,2.333333254,2.333333254,0,6.312698841
North Carolina,NC,37,2008,6.65592289,1.655923009,2.333333254,2.333333254,0.333333343,6.65592289
North Carolina,NC,37,2009,6.467625618,1.634292364,2.333333254,2.333333254,0.166666672,6.467625618
North Carolina,NC,37,2010,7.09209156,1.925425053,2.833333254,2.333333254,0,7.09209156
North Carolina,NC,37,2011,7.805109024,2.138442039,3.333333254,2.333333254,0,7.805109024
North Carolina,NC,37,2012,8.076377869,2.076377392,3.333333254,2.333333254,0.333333343,8.076377869
North Carolina,NC,37,2013,7.623043537,1.956376672,3.333333254,2.333333254,0,7.623043537
North Carolina,NC,37,2014,7.805109024,2.138442039,3.333333254,2.333333254,0,7.805109024
North Dakota,ND,38,1996,3.389492035,0.466496825,1.333333373,1.589661956,0,3.389492035
North Dakota,ND,38,1997,3.156131506,0.470961988,0.583333373,2.101836205,0,3.156131506
North Dakota,ND,38,1998,3.328875303,0.49554199,0.5,2.333333254,0,3.328875303
North Dakota,ND,38,1999,4.159090996,0.49242425,1.333333373,2.333333254,0,4.159090996
North Dakota,ND,38,2000,4.682592392,0.515925586,1.833333373,2.333333254,0,4.682592392
North Dakota,ND,38,2001,6.17728138,0.510614634,3.333333254,2.333333254,0,6.17728138
North Dakota,ND,38,2002,6.224147797,0.55748111,3.333333254,2.333333254,0,6.224147797
North Dakota,ND,38,2003,6.187265396,0.52059859,3.333333254,2.333333254,0,6.187265396
North Dakota,ND,38,2004,6.190196514,0.523530006,3.333333254,2.333333254,0,6.190196514
North Dakota,ND,38,2005,6.525465012,0.525465131,3.333333254,2.333333254,0.333333343,6.525465012
North Dakota,ND,38,2006,6.354555607,0.687888801,3.333333254,2.333333254,0,6.354555607
North Dakota,ND,38,2007,7.794494152,1.794494152,3.333333254,2.333333254,0.333333343,7.794494152
North Dakota,ND,38,2008,8.036237717,2.036237478,3.333333254,2.333333254,0.333333343,8.036237717
North Dakota,ND,38,2009,7.659947395,1.826614141,3.333333254,2.333333254,0.166666672,7.659947395
North Dakota,ND,38,2010,7.73414278,2.067475796,3.333333254,2.333333254,0,7.73414278
North Dakota,ND,38,2011,8.47682476,2.810158014,3.333333254,2.333333254,0,8.47682476
North Dakota,ND,38,2012,8.725764275,3.05909729,3.333333254,2.333333254,0,8.725764275
North Dakota,ND,38,2013,8.641674042,2.975007772,3.333333254,2.333333254,0,8.641674042
North Dakota,ND,38,2014,8.692139626,3.025472164,3.333333254,2.333333254,0,8.692139626
Ohio,OH,39,1996,3.446880341,0.566630125,1.333333373,1.546916962,0,3.446880341
Ohio,OH,39,1997,2.510374784,0.376695067,0.583333373,1.550346494,0,2.510374784
Ohio,OH,39,1998,3.048765421,0.389287889,1.083333373,1.576144338,0,3.048765421
Ohio,OH,39,1999,3.364722013,0.409105271,1.333333373,1.622283459,0,3.364722013
Ohio,OH,39,2000,3.420535564,0.416917533,1.333333373,1.670284748,0,3.420535564
Ohio,OH,39,2001,3.74254179,0.39904964,1.666666627,1.676825523,0,3.74254179
Ohio,OH,39,2002,4.945627213,0.931237638,2.333333254,1.68105638,0,4.945627213
Ohio,OH,39,2003,5.675457954,1.657402992,2.333333254,1.684721589,0,5.675457954
Ohio,OH,39,2004,6.085675716,1.734841347,2.333333254,1.684167743,0.333333343,6.085675716
Ohio,OH,39,2005,6.636438847,1.636438847,2.333333254,2.333333254,0.333333343,6.636438847
Ohio,OH,39,2006,6.680069447,1.680069327,2.333333254,2.333333254,0.333333343,6.680069447
Ohio,OH,39,2007,6.773730755,1.773730755,2.333333254,2.333333254,0.333333343,6.773730755
Ohio,OH,39,2008,7.036252022,1.786251903,2.583333254,2.333333254,0.333333343,7.036252022
Ohio,OH,39,2009,7.546465397,1.713131785,3.333333254,2.333333254,0.166666672,7.546465397
Ohio,OH,39,2010,7.983916759,2.317250013,3.333333254,2.333333254,0,7.983916759
Ohio,OH,39,2011,8.675905228,3.009238482,3.333333254,2.333333254,0,8.675905228
Ohio,OH,39,2012,9.138442039,3.138442039,3.333333254,2.333333254,0.333333343,9.138442039
Ohio,OH,39,2013,8.669584274,3.002917051,3.333333254,2.333333254,0,8.669584274
Ohio,OH,39,2014,8.590372086,2.923704863,3.333333254,2.333333254,0,8.590372086
Oklahoma,OK,40,1996,3.212250471,0.447507232,1.333333373,1.431409955,0,3.212250471
Oklahoma,OK,40,1997,2.466467142,0.341561317,0.583333373,1.541572332,0,2.466467142
Oklahoma,OK,40,1998,3.179187775,0.345854491,0.5,2.333333254,0,3.179187775
Oklahoma,OK,40,1999,4.01838398,0.351717263,1.333333373,2.333333254,0,4.01838398
Oklahoma,OK,40,2000,4.009646893,0.342980415,1.333333373,2.333333254,0,4.009646893
Oklahoma,OK,40,2001,4.015717506,0.349051058,1.333333373,2.333333254,0,4.015717506
Oklahoma,OK,40,2002,5.307674408,1.307674646,1.666666627,2.333333254,0,5.307674408
Oklahoma,OK,40,2003,6.227616787,1.560950041,2.333333254,2.333333254,0,6.227616787
Oklahoma,OK,40,2004,6.223180294,1.556513548,2.333333254,2.333333254,0,6.223180294
Oklahoma,OK,40,2005,6.603820801,1.603820801,2.333333254,2.333333254,0.333333343,6.603820801
Oklahoma,OK,40,2006,6.717270851,1.717270851,2.333333254,2.333333254,0.333333343,6.717270851
Oklahoma,OK,40,2007,6.6583848,1.658384919,2.333333254,2.333333254,0.333333343,6.6583848
Oklahoma,OK,40,2008,6.296568871,1.629902363,2.333333254,2.333333254,0,6.296568871
Oklahoma,OK,40,2009,6.942966938,1.692966819,2.916666508,2.333333254,0,6.942966938
Oklahoma,OK,40,2010,7.723198414,2.056531429,3.333333254,2.333333254,0,7.723198414
Oklahoma,OK,40,2011,7.657371044,1.99070406,3.333333254,2.333333254,0,7.657371044
Oklahoma,OK,40,2012,7.698782921,2.032116413,3.333333254,2.333333254,0,7.698782921
Oklahoma,OK,40,2013,7.439659119,1.772992492,3.333333254,2.333333254,0,7.439659119
Oklahoma,OK,40,2014,7.377648354,1.710981607,3.333333254,2.333333254,0,7.377648354
Oregon,OR,41,1996,3.452915192,0.688171923,1.333333373,1.431409955,0,3.452915192
Oregon,OR,41,1997,3.137738943,1.072378278,0.583333373,1.482027531,0,3.137738943
Oregon,OR,41,1998,2.757462978,0.612210035,0.5,1.645252943,0,2.757462978
Oregon,OR,41,1999,3.495354176,0.511417389,1.333333373,1.650603414,0,3.495354176
Oregon,OR,41,2000,3.664671183,0.512901008,1.5,1.651770115,0,3.664671183
Oregon,OR,41,2001,5.514487267,0.524870276,3.333333254,1.656283855,0,5.514487267
Oregon,OR,41,2002,5.573336124,0.579204977,3.333333254,1.660797596,0,5.573336124
Oregon,OR,41,2003,6.032849789,1.040663242,3.333333254,1.658853054,0,6.032849789
Oregon,OR,41,2004,6.728079796,1.736930609,3.333333254,1.657815933,0,6.728079796
Oregon,OR,41,2005,7.435717106,1.769050479,3.333333254,2.333333254,0,7.435717106
Oregon,OR,41,2006,7.659069538,1.992402673,3.333333254,2.333333254,0,7.659069538
Oregon,OR,41,2007,7.805109024,2.138442039,3.333333254,2.333333254,0,7.805109024
Oregon,OR,41,2008,7.681495667,2.01482892,3.333333254,2.333333254,0,7.681495667
Oregon,OR,41,2009,7.805109024,2.138442039,3.333333254,2.333333254,0,7.805109024
Oregon,OR,41,2010,7.805109024,2.138442039,3.333333254,2.333333254,0,7.805109024
Oregon,OR,41,2011,7.805109024,2.138442039,3.333333254,2.333333254,0,7.805109024
Oregon,OR,41,2012,8.388442039,2.721775293,3.333333254,2.333333254,0,8.388442039
Oregon,OR,41,2013,8.72599411,3.059326649,3.333333254,2.333333254,0,8.72599411
Oregon,OR,41,2014,8.72599411,3.059326649,3.333333254,2.333333254,0,8.72599411
Pennsylvania,PA,42,1996,3.647260189,0.772867024,1.333333373,1.541059732,0,3.647260189
Pennsylvania,PA,42,1997,3.092536688,0.9672243,0.583333373,1.541978955,0,3.092536688
Pennsylvania,PA,42,1998,3.193530798,0.846585512,0.5,1.846945286,0,3.193530798
Pennsylvania,PA,42,1999,4.584867001,0.918200433,1.333333373,2.333333254,0,4.584867001
Pennsylvania,PA,42,2000,4.387427807,0.720761299,1.333333373,2.333333254,0,4.387427807
Pennsylvania,PA,42,2001,4.7508564,0.750856459,1.666666627,2.333333254,0,4.7508564
Pennsylvania,PA,42,2002,6.169823647,1.503157139,2.333333254,2.333333254,0,6.169823647
Pennsylvania,PA,42,2003,7.09787178,2.431205511,2.333333254,2.333333254,0,7.09787178
Pennsylvania,PA,42,2004,7.819206715,2.819206715,2.333333254,2.333333254,0.333333343,7.819206715
Pennsylvania,PA,42,2005,7.877250671,2.877250433,2.333333254,2.333333254,0.333333343,7.877250671
Pennsylvania,PA,42,2006,8.124064445,3.040731192,2.333333254,2.333333254,0.416666657,8.124064445
Pennsylvania,PA,42,2007,7.97013092,2.970130444,2.333333254,2.333333254,0.333333343,7.97013092
Pennsylvania,PA,42,2008,8.170063972,2.920063972,2.583333254,2.333333254,0.333333343,8.170063972
Pennsylvania,PA,42,2009,8.706036568,2.872702837,3.333333254,2.333333254,0.166666672,8.706036568
Pennsylvania,PA,42,2010,8.553804398,2.887137651,3.333333254,2.333333254,0,8.553804398
Pennsylvania,PA,42,2011,8.511162758,2.84449625,3.333333254,2.333333254,0,8.511162758
Pennsylvania,PA,42,2012,8.442164421,2.775497437,3.333333254,2.333333254,0,8.442164421
Pennsylvania,PA,42,2013,8.603265762,2.936598539,3.333333254,2.333333254,0,8.603265762
Pennsylvania,PA,42,2014,8.513158798,2.84649229,3.333333254,2.333333254,0,8.513158798
Rhode Island,RI,44,1996,3.411968946,0.647225559,1.333333373,1.431409955,0,3.411968946
Rhode Island,RI,44,1997,2.872581482,0.524504721,0.916666687,1.431409955,0,2.872581482
Rhode Island,RI,44,1998,4.027692318,0.983149886,1.333333373,1.71120894,0,4.027692318
Rhode Island,RI,44,1999,4.51501894,0.848352253,1.333333373,2.333333254,0,4.51501894
Rhode Island,RI,44,2000,4.805109024,1.138442159,1.333333373,2.333333254,0,4.805109024
Rhode Island,RI,44,2001,4.692386627,1.025719643,1.333333373,2.333333254,0,4.692386627
Rhode Island,RI,44,2002,4.692386627,1.025719643,1.333333373,2.333333254,0,4.692386627
Rhode Island,RI,44,2003,5.388442516,1.138442159,1.916666627,2.333333254,0,5.388442516
Rhode Island,RI,44,2004,5.690885067,1.024218082,2.333333254,2.333333254,0,5.690885067
Rhode Island,RI,44,2005,7.138442516,2.138442039,2.333333254,2.333333254,0.333333343,7.138442516
Rhode Island,RI,44,2006,7.068583488,2.068583012,2.333333254,2.333333254,0.333333343,7.068583488
Rhode Island,RI,44,2007,6.7470541,2.080387592,2.333333254,2.333333254,0,6.7470541
Rhode Island,RI,44,2008,7.956989765,2.956989288,2.333333254,2.333333254,0.333333343,7.956989765
Rhode Island,RI,44,2009,8.721776009,3.138442039,3.083333254,2.333333254,0.166666672,8.721776009
Rhode Island,RI,44,2010,8.805109024,3.138442039,3.333333254,2.333333254,0,8.805109024
Rhode Island,RI,44,2011,8.805109024,3.138442039,3.333333254,2.333333254,0,8.805109024
Rhode Island,RI,44,2012,8.805109024,3.138442039,3.333333254,2.333333254,0,8.805109024
Rhode Island,RI,44,2013,8.805109024,3.138442039,3.333333254,2.333333254,0,8.805109024
Rhode Island,RI,44,2014,8.805109024,3.138442039,3.333333254,2.333333254,0,8.805109024
South Carolina,SC,45,1996,4.26457119,0.597904265,1.333333373,2.333333254,0,4.26457119
South Carolina,SC,45,1997,3.473689079,0.557022452,0.583333373,2.333333254,0,3.473689079
South Carolina,SC,45,1998,3.403199434,0.569866121,0.5,2.333333254,0,3.403199434
South Carolina,SC,45,1999,4.357214451,0.690547824,1.333333373,2.333333254,0,4.357214451
South Carolina,SC,45,2000,4.499688148,0.833021581,1.333333373,2.333333254,0,4.499688148
South Carolina,SC,45,2001,6.113593578,0.946926713,2.833333254,2.333333254,0,6.113593578
South Carolina,SC,45,2002,7.000462532,1.333795667,3.333333254,2.333333254,0,7.000462532
South Carolina,SC,45,2003,7.439824104,1.773157358,3.333333254,2.333333254,0,7.439824104
South Carolina,SC,45,2004,8.119187355,2.119187355,3.333333254,2.333333254,0.333333343,8.119187355
South Carolina,SC,45,2005,8.138442039,2.138442039,3.333333254,2.333333254,0.333333343,8.138442039
South Carolina,SC,45,2006,8.138442039,2.138442039,3.333333254,2.333333254,0.333333343,8.138442039
South Carolina,SC,45,2007,8.035646439,2.0356462,3.333333254,2.333333254,0.333333343,8.035646439
South Carolina,SC,45,2008,7.784549713,2.117882967,3.333333254,2.333333254,0,7.784549713
South Carolina,SC,45,2009,7.888442516,2.221775293,3.333333254,2.333333254,0,7.888442516
South Carolina,SC,45,2010,8.805109024,3.138442039,3.333333254,2.333333254,0,8.805109024
South Carolina,SC,45,2011,8.805109024,3.138442039,3.333333254,2.333333254,0,8.805109024
South Carolina,SC,45,2012,9.138442039,3.138442039,3.333333254,2.333333254,0.333333343,9.138442039
South Carolina,SC,45,2013,8.805109024,3.138442039,3.333333254,2.333333254,0,8.805109024
South Carolina,SC,45,2014,8.805109024,3.138442039,3.333333254,2.333333254,0,8.805109024
South Dakota,SD,46,1996,4.06060648,1.138442159,1.333333373,1.588831186,0,4.06060648
South Dakota,SD,46,1997,3.687471867,0.883059561,0.583333373,2.221078873,0,3.687471867
South Dakota,SD,46,1998,3.623591661,0.790258288,0.5,2.333333254,0,3.623591661
South Dakota,SD,46,1999,4.805109024,1.138442159,1.333333373,2.333333254,0,4.805109024
South Dakota,SD,46,2000,4.805109024,1.138442159,1.333333373,2.333333254,0,4.805109024
South Dakota,SD,46,2001,5.138442516,1.138442159,1.666666627,2.333333254,0,5.138442516
South Dakota,SD,46,2002,5.805109024,1.138442159,2.333333254,2.333333254,0,5.805109024
South Dakota,SD,46,2003,5.805109024,1.138442159,2.333333254,2.333333254,0,5.805109024
South Dakota,SD,46,2004,5.805109024,1.138442159,2.333333254,2.333333254,0,5.805109024
South Dakota,SD,46,2005,6.003376007,1.003375769,2.333333254,2.333333254,0.333333343,6.003376007
South Dakota,SD,46,2006,5.954911232,0.954910994,2.333333254,2.333333254,0.333333343,5.954911232
South Dakota,SD,46,2007,6.138442516,1.138442159,2.333333254,2.333333254,0.333333343,6.138442516
South Dakota,SD,46,2008,5.972255707,0.972255707,2.333333254,2.333333254,0.333333343,5.972255707
South Dakota,SD,46,2009,6.471775532,1.638442039,2.333333254,2.333333254,0.166666672,6.471775532
South Dakota,SD,46,2010,6.805109024,2.138442039,2.333333254,2.333333254,0,6.805109024
South Dakota,SD,46,2011,6.805109024,2.138442039,2.333333254,2.333333254,0,6.805109024
South Dakota,SD,46,2012,6.805109024,2.138442039,2.333333254,2.333333254,0,6.805109024
South Dakota,SD,46,2013,6.805109024,2.138442039,2.333333254,2.333333254,0,6.805109024
South Dakota,SD,46,2014,6.805109024,2.138442039,2.333333254,2.333333254,0,6.805109024
Tennessee,TN,47,1996,3.140327454,0.375584126,1.333333373,1.431409955,0,3.140327454
Tennessee,TN,47,1997,2.401924133,0.387180716,0.583333373,1.431409955,0,2.401924133
Tennessee,TN,47,1998,2.317338705,0.366058916,0.5,1.451279879,0,2.317338705
Tennessee,TN,47,1999,3.55341506,0.371462971,1.333333373,1.848618746,0,3.55341506
Tennessee,TN,47,2000,4.020555496,0.353888929,1.333333373,2.333333254,0,4.020555496
Tennessee,TN,47,2001,4.381984711,0.715317845,1.333333373,2.333333254,0,4.381984711
Tennessee,TN,47,2002,5.161950588,1.495283961,1.333333373,2.333333254,0,5.161950588
Tennessee,TN,47,2003,5.315279007,1.565279126,1.416666746,2.333333254,0,5.315279007
Tennessee,TN,47,2004,6.372885704,1.706219077,2.333333254,2.333333254,0,6.372885704
Tennessee,TN,47,2005,6.704760551,2.038093805,2.333333254,2.333333254,0,6.704760551
Tennessee,TN,47,2006,6.6919384,2.025271654,2.333333254,2.333333254,0,6.6919384
Tennessee,TN,47,2007,6.935624123,2.268957138,2.333333254,2.333333254,0,6.935624123
Tennessee,TN,47,2008,7.587311268,2.920644283,2.333333254,2.333333254,0,7.587311268
Tennessee,TN,47,2009,7.805109024,3.138442039,2.333333254,2.333333254,0,7.805109024
Tennessee,TN,47,2010,7.805109024,3.138442039,2.333333254,2.333333254,0,7.805109024
Tennessee,TN,47,2011,7.805109024,3.138442039,2.333333254,2.333333254,0,7.805109024
Tennessee,TN,47,2012,7.805109024,3.138442039,2.333333254,2.333333254,0,7.805109024
Tennessee,TN,47,2013,7.779471874,3.11280489,2.333333254,2.333333254,0,7.779471874
Tennessee,TN,47,2014,7.562060833,2.895394325,2.333333254,2.333333254,0,7.562060833
Texas,TX,48,1996,4.132937431,0.466271043,1.333333373,2.333333254,0,4.132937431
Texas,TX,48,1997,3.368610382,0.451943755,0.583333373,2.333333254,0,3.368610382
Texas,TX,48,1998,3.919870377,0.419870436,1.166666746,2.333333254,0,3.919870377
Texas,TX,48,1999,3.672149658,0.422149599,1.333333373,1.916666627,0,3.672149658
Texas,TX,48,2000,3.103000164,0.436333537,1.333333373,1.333333373,0,3.103000164
Texas,TX,48,2001,3.432563543,0.432563573,1.666666627,1.333333373,0,3.432563543
Texas,TX,48,2002,4.128286362,0.461619526,2.333333254,1.333333373,0,4.128286362
Texas,TX,48,2003,5.05223465,1.385568023,2.333333254,1.333333373,0,5.05223465
Texas,TX,48,2004,5.714622498,1.714622617,2.333333254,1.333333373,0.333333343,5.714622498
Texas,TX,48,2005,5.741653919,1.7416538,2.333333254,1.333333373,0.333333343,5.741653919
Texas,TX,48,2006,6.035717964,2.369051218,2.333333254,1.333333373,0,6.035717964
Texas,TX,48,2007,6.767380714,2.767380476,2.333333254,1.333333373,0.333333343,6.767380714
Texas,TX,48,2008,6.888434887,2.888434887,2.333333254,1.333333373,0.333333343,6.888434887
Texas,TX,48,2009,6.715181828,2.881848335,2.333333254,1.333333373,0.166666672,6.715181828
Texas,TX,48,2010,6.831140041,2.831140041,2.333333254,1.333333373,0.333333343,6.831140041
Texas,TX,48,2011,7.293978214,2.960644722,2.333333254,1.666666627,0.333333343,7.293978214
Texas,TX,48,2012,7.844205856,2.844205856,2.333333254,2.333333254,0.333333343,7.844205856
Texas,TX,48,2013,7.636320591,2.969653845,2.333333254,2.333333254,0,7.636320591
Texas,TX,48,2014,8.321335793,2.904668808,3.083333254,2.333333254,0,8.321335793
Utah,UT,49,1996,3.481307983,0.5198102,1.333333373,1.628164291,0,3.481307983
Utah,UT,49,1997,2.711833,0.503210902,0.583333373,1.625288725,0,2.711833
Utah,UT,49,1998,2.556824446,0.43765232,0.5,1.619172215,0,2.556824446
Utah,UT,49,1999,3.344691277,0.39130187,1.333333373,1.620056152,0,3.344691277
Utah,UT,49,2000,3.365144491,0.408961922,1.333333373,1.622849226,0,3.365144491
Utah,UT,49,2001,3.435750246,0.439945817,1.333333373,1.662471056,0,3.435750246
Utah,UT,49,2002,3.438965321,0.433273137,1.333333373,1.67235899,0,3.438965321
Utah,UT,49,2003,3.405329704,0.392083079,1.333333373,1.679913282,0,3.405329704
Utah,UT,49,2004,3.756400824,0.404812098,1.333333373,1.68492198,0.333333343,3.756400824
Utah,UT,49,2005,4.418344021,0.418343812,1.333333373,2.333333254,0.333333343,4.418344021
Utah,UT,49,2006,4.534417152,0.867750347,1.333333373,2.333333254,0,4.534417152
Utah,UT,49,2007,7.022655964,2.022655487,2.333333254,2.333333254,0.333333343,7.022655964
Utah,UT,49,2008,6.774963379,2.108296871,2.333333254,2.333333254,0,6.774963379
Utah,UT,49,2009,7.532066345,2.865399361,2.333333254,2.333333254,0,7.532066345
Utah,UT,49,2010,7.702051163,3.035384655,2.333333254,2.333333254,0,7.702051163
Utah,UT,49,2011,7.577398777,2.910732269,2.333333254,2.333333254,0,7.577398777
Utah,UT,49,2012,7.805109024,3.138442039,2.333333254,2.333333254,0,7.805109024
Utah,UT,49,2013,7.752064228,3.085397482,2.333333254,2.333333254,0,7.752064228
Utah,UT,49,2014,7.549553871,2.882887363,2.333333254,2.333333254,0,7.549553871
Vermont,VT,50,1996,3.373111725,0.608368456,1.333333373,1.431409955,0,3.373111725
Vermont,VT,50,1997,2.841131687,0.826388299,0.583333373,1.431409955,0,2.841131687
Vermont,VT,50,1998,3.173014164,1.138442159,0.5,1.534571886,0,3.173014164
Vermont,VT,50,1999,3.807492018,0.830272913,1.333333373,1.643885851,0,3.807492018
Vermont,VT,50,2000,3.884997606,0.912115514,1.333333373,1.639548898,0,3.884997606
Vermont,VT,50,2001,4.207382679,0.902805269,1.666666627,1.637910724,0,4.207382679
Vermont,VT,50,2002,4.858148098,0.886503398,2.333333254,1.638311386,0,4.858148098
Vermont,VT,50,2003,5.856734276,1.884335279,2.333333254,1.639065623,0,5.856734276
Vermont,VT,50,2004,5.557298183,1.587798595,2.333333254,1.636166453,0,5.557298183
Vermont,VT,50,2005,6.295121193,1.628454566,2.333333254,2.333333254,0,6.295121193
Vermont,VT,50,2006,6.567289352,1.900622845,2.333333254,2.333333254,0,6.567289352
Vermont,VT,50,2007,6.336096287,1.66942966,2.333333254,2.333333254,0,6.336096287
Vermont,VT,50,2008,6.652852058,1.986185074,2.333333254,2.333333254,0,6.652852058
Vermont,VT,50,2009,7.6013484,1.934681416,3.333333254,2.333333254,0,7.6013484
Vermont,VT,50,2010,7.889062405,2.22239542,3.333333254,2.333333254,0,7.889062405
Vermont,VT,50,2011,8.59502697,2.928359985,3.333333254,2.333333254,0,8.59502697
Vermont,VT,50,2012,8.604140282,2.937473059,3.333333254,2.333333254,0,8.604140282
Vermont,VT,50,2013,8.782471657,3.115804434,3.333333254,2.333333254,0,8.782471657
Vermont,VT,50,2014,8.805109024,3.138442039,3.333333254,2.333333254,0,8.805109024
Virginia,VA,51,1996,3.477269411,0.712526143,1.333333373,1.431409955,0,3.477269411
Virginia,VA,51,1997,2.535714626,0.520971298,0.583333373,1.431409955,0,2.535714626
Virginia,VA,51,1998,2.318475962,0.387066036,0.5,1.431409955,0,2.318475962
Virginia,VA,51,1999,3.152382851,0.387639403,1.333333373,1.431409955,0,3.152382851
Virginia,VA,51,2000,3.187251329,0.422507972,1.333333373,1.431409955,0,3.187251329
Virginia,VA,51,2001,3.275515318,0.48164475,1.333333373,1.460537195,0,3.275515318
Virginia,VA,51,2002,4.118603706,0.487658054,1.666666627,1.964278936,0,4.118603706
Virginia,VA,51,2003,5.673224449,1.006558061,2.333333254,2.333333254,0,5.673224449
Virginia,VA,51,2004,6.950395584,1.950395584,2.333333254,2.333333254,0.333333343,6.950395584
Virginia,VA,51,2005,7.714049339,2.714049101,2.333333254,2.333333254,0.333333343,7.714049339
Virginia,VA,51,2006,8.034610748,3.03461051,2.333333254,2.333333254,0.333333343,8.034610748
Virginia,VA,51,2007,7.924816132,2.924815655,2.333333254,2.333333254,0.333333343,7.924816132
Virginia,VA,51,2008,7.582165241,2.915498257,2.333333254,2.333333254,0,7.582165241
Virginia,VA,51,2009,7.805109024,3.138442039,2.333333254,2.333333254,0,7.805109024
Virginia,VA,51,2010,7.805109024,3.138442039,2.333333254,2.333333254,0,7.805109024
Virginia,VA,51,2011,7.805109024,3.138442039,2.333333254,2.333333254,0,7.805109024
Virginia,VA,51,2012,7.805109024,3.138442039,2.333333254,2.333333254,0,7.805109024
Virginia,VA,51,2013,7.805109024,3.138442039,2.333333254,2.333333254,0,7.805109024
Virginia,VA,51,2014,7.805109024,3.138442039,2.333333254,2.333333254,0,7.805109024
Washington,WA,53,1996,3.300636768,0.53589344,1.333333373,1.431409955,0,3.300636768
Washington,WA,53,1997,3.198453665,0.850376964,0.916666687,1.431409955,0,3.198453665
Washington,WA,53,1998,3.40742135,0.642677903,1.333333373,1.431409955,0,3.40742135
Washington,WA,53,1999,3.574943781,0.542917311,1.333333373,1.698693037,0,3.574943781
Washington,WA,53,2000,4.108741283,0.442074507,1.333333373,2.333333254,0,4.108741283
Washington,WA,53,2001,4.087497711,0.420830846,1.333333373,2.333333254,0,4.087497711
Washington,WA,53,2002,5.128149986,1.461483359,1.333333373,2.333333254,0,5.128149986
Washington,WA,53,2003,5.148569584,1.481902719,1.333333373,2.333333254,0,5.148569584
Washington,WA,53,2004,6.748193741,1.74819386,2.666666508,2.333333254,0,6.748193741
Washington,WA,53,2005,8.790244102,2.790243864,3.333333254,2.333333254,0.333333343,8.790244102
Washington,WA,53,2006,8.697177887,3.030510902,3.333333254,2.333333254,0,8.697177887
Washington,WA,53,2007,8.490467072,2.823800802,3.333333254,2.333333254,0,8.490467072
Washington,WA,53,2008,8.736539841,3.069873333,3.333333254,2.333333254,0,8.736539841
Washington,WA,53,2009,8.637718201,2.971051455,3.333333254,2.333333254,0,8.637718201
Washington,WA,53,2010,8.805109024,3.138442039,3.333333254,2.333333254,0,8.805109024
Washington,WA,53,2011,8.805109024,3.138442039,3.333333254,2.333333254,0,8.805109024
Washington,WA,53,2012,8.680592537,3.013926029,3.333333254,2.333333254,0,8.680592537
Washington,WA,53,2013,8.805109024,3.138442039,3.333333254,2.333333254,0,8.805109024
Washington,WA,53,2014,8.805109024,3.138442039,3.333333254,2.333333254,0,8.805109024
West Virginia,WV,54,1996,3.576273918,0.81153059,1.333333373,1.431409955,0,3.576273918
West Virginia,WV,54,1997,2.648128986,0.633385658,0.583333373,1.431409955,0,2.648128986
West Virginia,WV,54,1998,2.419107437,0.487697452,0.5,1.431409955,0,2.419107437
West Virginia,WV,54,1999,3.137976646,0.373233289,1.333333373,1.431409955,0,3.137976646
West Virginia,WV,54,2000,3.116374493,0.351631254,1.333333373,1.431409955,0,3.116374493
West Virginia,WV,54,2001,4.184714317,1.086637378,1.666666627,1.431409955,0,4.184714317
West Virginia,WV,54,2002,5.668925762,1.871484399,2.333333254,1.464108109,0,5.668925762
West Virginia,WV,54,2003,6.605682373,2.18299365,2.333333254,2.089355469,0,6.605682373
West Virginia,WV,54,2004,8.043418884,3.043418884,2.333333254,2.333333254,0.333333343,8.043418884
West Virginia,WV,54,2005,7.902533054,2.902532816,2.333333254,2.333333254,0.333333343,7.902533054
West Virginia,WV,54,2006,7.918092728,2.918092728,2.333333254,2.333333254,0.333333343,7.918092728
West Virginia,WV,54,2007,8.000336647,3.000336647,2.333333254,2.333333254,0.333333343,8.000336647
West Virginia,WV,54,2008,8.388442039,3.138442039,2.583333254,2.333333254,0.333333343,8.388442039
West Virginia,WV,54,2009,8.971776009,3.138442039,3.333333254,2.333333254,0.166666672,8.971776009
West Virginia,WV,54,2010,8.805109024,3.138442039,3.333333254,2.333333254,0,8.805109024
West Virginia,WV,54,2011,8.805109024,3.138442039,3.333333254,2.333333254,0,8.805109024
West Virginia,WV,54,2012,8.608873367,2.942207098,3.333333254,2.333333254,0,8.608873367
West Virginia,WV,54,2013,8.78393364,3.117266417,3.333333254,2.333333254,0,8.78393364
West Virginia,WV,54,2014,8.805109024,3.138442039,3.333333254,2.333333254,0,8.805109024
Wisconsin,WI,55,1996,3.496939898,0.732196569,1.333333373,1.431409955,0,3.496939898
Wisconsin,WI,55,1997,2.67041564,0.655672133,0.583333373,1.431409955,0,2.67041564
Wisconsin,WI,55,1998,2.589196444,0.407786489,0.75,1.431409955,0,2.589196444
Wisconsin,WI,55,1999,3.176346064,0.372817576,1.333333373,1.470195174,0,3.176346064
Wisconsin,WI,55,2000,3.440941095,0.389015526,1.333333373,1.718592405,0,3.440941095
Wisconsin,WI,55,2001,4.464579582,0.464579582,1.666666627,2.333333254,0,4.464579582
Wisconsin,WI,55,2002,5.489034176,0.822367489,2.333333254,2.333333254,0,5.489034176
Wisconsin,WI,55,2003,5.952524185,1.285857677,2.333333254,2.333333254,0,5.952524185
Wisconsin,WI,55,2004,7.638442516,2.138442039,2.833333254,2.333333254,0.333333343,7.638442516
Wisconsin,WI,55,2005,8.119768143,2.119767904,3.333333254,2.333333254,0.333333343,8.119768143
Wisconsin,WI,55,2006,8.600287437,2.516954184,3.333333254,2.333333254,0.416666657,8.600287437
Wisconsin,WI,55,2007,9.121731758,3.121731758,3.333333254,2.333333254,0.333333343,9.121731758
Wisconsin,WI,55,2008,9.054889679,3.054890156,3.333333254,2.333333254,0.333333343,9.054889679
Wisconsin,WI,55,2009,8.971776009,3.138442039,3.333333254,2.333333254,0.166666672,8.971776009
Wisconsin,WI,55,2010,8.805109024,3.138442039,3.333333254,2.333333254,0,8.805109024
Wisconsin,WI,55,2011,8.805109024,3.138442039,3.333333254,2.333333254,0,8.805109024
Wisconsin,WI,55,2012,8.805109024,3.138442039,3.333333254,2.333333254,0,8.805109024
Wisconsin,WI,55,2013,8.67650795,3.009840488,3.333333254,2.333333254,0,8.67650795
Wisconsin,WI,55,2014,8.805109024,3.138442039,3.333333254,2.333333254,0,8.805109024
Wyoming,WY,56,1996,4.054154396,1.138442159,1.333333373,1.582378745,0,4.054154396
Wyoming,WY,56,1997,3.149630308,0.985780239,0.583333373,1.580516696,0,3.149630308
Wyoming,WY,56,1998,2.579195499,0.500705957,0.5,1.578489542,0,2.579195499
Wyoming,WY,56,1999,3.358072519,0.422443479,1.333333373,1.602295756,0,3.358072519
Wyoming,WY,56,2000,4.065013885,0.398347259,1.333333373,2.333333254,0,4.065013885
Wyoming,WY,56,2001,4.060892582,0.394226104,1.333333373,2.333333254,0,4.060892582
Wyoming,WY,56,2002,4.13480854,0.468141675,1.333333373,2.333333254,0,4.13480854
Wyoming,WY,56,2003,4.052456856,0.385790288,1.333333373,2.333333254,0,4.052456856
Wyoming,WY,56,2004,4.052514076,0.385847598,1.333333373,2.333333254,0,4.052514076
Wyoming,WY,56,2005,4.417197227,0.417197049,1.333333373,2.333333254,0.333333343,4.417197227
Wyoming,WY,56,2006,4.396505356,0.396505266,1.333333373,2.333333254,0.333333343,4.396505356
Wyoming,WY,56,2007,4.416329861,0.416329801,1.333333373,2.333333254,0.333333343,4.416329861
Wyoming,WY,56,2008,4.414767265,0.414767355,1.333333373,2.333333254,0.333333343,4.414767265
Wyoming,WY,56,2009,5.26261425,0.429280996,2.333333254,2.333333254,0.166666672,5.26261425
Wyoming,WY,56,2010,5.205111504,0.538444996,2.333333254,2.333333254,0,5.205111504
Wyoming,WY,56,2011,5.17728138,0.510614634,2.333333254,2.333333254,0,5.17728138
Wyoming,WY,56,2012,5.688741684,1.022075057,2.333333254,2.333333254,0,5.688741684
Wyoming,WY,56,2013,6.782962322,2.116295338,2.333333254,2.333333254,0,6.782962322
Wyoming,WY,56,2014,6.614496231,1.947829723,2.333333254,2.333333254,0,6.614496231