VendorID,tpep_pickup_datetime,tpep_dropoff_datetime,passenger_count,trip_distance,RatecodeID,store_and_fwd_flag,PULocationID,DOLocationID,payment_type,fare_amount,extra,mta_tax,tip_amount,tolls_amount,improvement_surcharge,total_amount,congestion_surcharge
1,2020/12/1 0:07,2020/12/1 0:18,1,7.6,1,N,138,263,1,21.5,3,0.5,2.5,6.12,0.3,33.92,2.5
1,2020/12/1 0:41,2020/12/1 0:49,1,1.6,1,N,140,263,1,8,3,0.5,2.95,0,0.3,14.75,2.5
2,2020/12/1 0:33,2020/12/1 1:00,1,16.74,2,N,132,164,1,52,0,0.5,2.5,6.12,0.3,63.92,2.5
2,2020/12/1 0:02,2020/12/1 0:13,1,4.16,1,N,238,48,1,14,0.5,0.5,1,0,0.3,18.8,2.5
2,2020/12/1 0:37,2020/12/1 0:45,1,2.22,1,N,238,41,2,8.5,0.5,0.5,0,0,0.3,9.8,0
1,2020/12/1 0:27,2020/12/1 0:45,0,8.4,1,N,138,137,1,25,3,0.5,6,6.12,0.3,40.92,2.5
2,2020/12/1 0:40,2020/12/1 0:57,1,6.44,1,N,132,191,1,19.5,0.5,0.5,4.16,0,0.3,24.96,0
2,2020/12/1 0:01,2020/12/1 0:06,1,0.99,1,N,234,137,1,5.5,0.5,0.5,1.86,0,0.3,11.16,2.5
2,2020/12/1 0:58,2020/12/1 1:36,2,11.81,1,N,261,7,1,36.5,0.5,0.5,1,0,0.3,41.3,2.5
1,2020/12/1 0:08,2020/12/1 0:16,2,2.7,1,N,237,107,1,9.5,3,0.5,2.65,0,0.3,15.95,2.5
2,2020/12/1 0:04,2020/12/1 0:29,1,6.28,1,N,41,68,2,23,0.5,0.5,0,0,0.3,26.8,2.5
2,2020/12/1 0:22,2020/12/1 0:52,1,18.93,2,N,132,211,1,52,0,0.5,12.28,6.12,0.3,73.7,2.5
2,2020/12/1 0:46,2020/12/1 0:53,5,2.75,1,N,249,230,2,9.5,0.5,0.5,0,0,0.3,13.3,2.5
2,2020/12/1 0:51,2020/12/1 1:26,2,21.8,2,N,132,13,1,52,0,0.5,11.06,0,0.3,66.36,2.5
1,2020/12/1 0:14,2020/12/1 0:31,1,7.6,1,N,140,65,1,23,3,0.5,5.35,0,0.3,32.15,2.5
1,2020/12/1 0:11,2020/12/1 0:17,1,1.7,1,N,239,141,2,7.5,3,0.5,0,0,0.3,11.3,2.5
1,2020/12/1 0:54,2020/12/1 0:57,1,0.5,1,N,263,141,2,4,3,0.5,0,0,0.3,7.8,2.5
1,2020/12/1 0:11,2020/12/1 0:40,1,21,2,N,132,231,1,52,2.5,0.5,16.55,0,0.3,71.85,2.5
2,2020/11/30 23:59,2020/12/1 0:05,3,0.81,1,N,50,48,1,5.5,0.5,0.5,1.88,0,0.3,11.18,2.5
2,2020/12/1 0:24,2020/12/1 0:29,4,1.45,1,N,48,162,1,6.5,0.5,0.5,2.06,0,0.3,12.36,2.5
1,2020/12/1 0:53,2020/12/1 0:54,1,0,1,N,132,132,3,2.5,0.5,0.5,0,0,0.3,3.8,0
2,2020/12/1 0:20,2020/12/1 0:32,5,3.78,1,N,140,42,2,13.5,0.5,0.5,0,0,0.3,17.3,2.5
2,2020/12/1 0:42,2020/12/1 0:46,1,1.12,1,N,138,129,2,5.5,0.5,0.5,0,0,0.3,6.8,0
2,2020/12/1 0:02,2020/12/1 0:11,1,1.63,1,N,137,48,1,8,0.5,0.5,2.36,0,0.3,14.16,2.5
2,2020/12/1 0:14,2020/12/1 0:38,3,7.01,1,N,137,129,2,23.5,0.5,0.5,0,0,0.3,27.3,2.5
2,2020/12/1 0:21,2020/12/1 0:33,1,5.31,1,N,141,69,1,16,0.5,0.5,0,0,0.3,19.8,2.5
2,2020/12/1 0:34,2020/12/1 0:50,1,7.92,1,N,138,137,1,23,0.5,0.5,6.58,6.12,0.3,39.5,2.5
1,2020/12/1 0:52,2020/12/1 0:54,1,0.7,1,N,162,170,2,4,3,0.5,0,0,0.3,7.8,2.5
2,2020/12/1 0:30,2020/12/1 0:39,2,2.33,1,N,161,140,1,9.5,0.5,0.5,2.66,0,0.3,15.96,2.5
2,2020/11/30 23:56,2020/12/1 0:03,1,1.72,1,N,161,107,2,7.5,0.5,0.5,0,0,0.3,11.3,2.5
2,2020/12/1 0:29,2020/12/1 0:31,1,0.52,1,N,237,141,1,3.5,0.5,0.5,1.82,0,0.3,9.12,2.5
1,2020/12/1 0:20,2020/12/1 0:23,0,1.1,1,N,90,230,2,5,3,0.5,0,0,0.3,8.8,2.5
2,2020/12/1 0:19,2020/12/1 0:28,1,2.22,1,N,230,239,1,9.5,0.5,0.5,2.66,0,0.3,15.96,2.5
2,2020/12/1 0:25,2020/12/1 0:47,1,18.75,2,N,132,262,1,52,0,0.5,20,6.12,0.3,81.42,2.5
2,2020/12/1 0:12,2020/12/1 0:31,1,8.06,1,N,75,88,1,25,0.5,0.5,5.76,0,0.3,34.56,2.5
1,2020/12/1 0:57,2020/12/1 1:10,1,3.7,1,N,148,49,2,13.5,3,0.5,0,0,0.3,17.3,2.5
2,2020/12/1 0:00,2020/12/1 0:06,1,2.52,1,N,140,137,2,9,0.5,0.5,0,0,0.3,12.8,2.5
2,2020/12/1 0:14,2020/12/1 0:38,2,10.05,1,N,132,225,1,30,0.5,0.5,6.26,0,0.3,37.56,0
2,2020/12/1 0:14,2020/12/1 0:21,1,2.41,1,N,48,107,2,9,0.5,0.5,0,0,0.3,12.8,2.5
2,2020/12/1 0:31,2020/12/1 0:36,1,1.37,1,N,68,230,2,6,0.5,0.5,0,0,0.3,9.8,2.5
1,2020/12/1 0:08,2020/12/1 0:16,1,2.4,1,N,263,238,1,9,3.5,0.5,2.65,0,0.3,15.95,2.5
1,2020/12/1 0:17,2020/12/1 0:24,1,2.4,1,N,233,236,1,9,3,0.5,2.55,0,0.3,15.35,2.5
2,2020/12/1 0:19,2020/12/1 0:46,1,17.78,2,N,132,229,1,52,0,0.5,5,0,0.3,60.3,2.5
1,2020/12/1 0:48,2020/12/1 1:05,1,4.9,1,N,170,151,2,16.5,3,0.5,0,0,0.3,20.3,2.5
1,2020/12/1 0:06,2020/12/1 0:12,1,1.7,1,N,107,229,1,7,3,0.5,2.15,0,0.3,12.95,2.5
1,2020/12/1 0:13,2020/12/1 0:19,1,2,1,N,229,263,1,7.5,3,0.5,2.25,0,0.3,13.55,2.5
2,2020/12/1 0:01,2020/12/1 0:12,1,1.93,1,N,236,143,1,9.5,0.5,0.5,2.66,0,0.3,15.96,2.5
1,2020/12/1 0:04,2020/12/1 0:04,1,0,1,N,42,42,2,2.5,0.5,0.5,0,0,0.3,3.8,0
1,2020/12/1 0:39,2020/12/1 0:47,1,2.8,1,N,10,197,1,10.5,0.5,0.5,7,0,0.3,18.8,0
2,2020/12/1 0:02,2020/12/1 0:12,1,2.2,1,N,237,143,1,9.5,0.5,0.5,2.66,0,0.3,15.96,2.5
2,2020/12/1 0:00,2020/12/1 0:13,2,5.1,1,N,137,80,1,16.5,0.5,0.5,5.08,0,0.3,25.38,2.5
2,2020/12/1 0:24,2020/12/1 0:48,2,17.95,2,N,132,114,1,52,0,0.5,16.59,0,0.3,71.89,2.5
2,2020/12/1 0:08,2020/12/1 0:30,1,6.77,1,N,237,102,1,22.5,0.5,0.5,5.26,0,0.3,31.56,2.5
2,2020/12/1 0:08,2020/12/1 0:25,1,4.67,1,N,237,223,2,16.5,0.5,0.5,0,0,0.3,20.3,2.5
2,2020/12/1 0:46,2020/12/1 1:03,1,8.76,1,N,132,95,2,26,0.5,0.5,0,0,0.3,27.3,0
1,2020/12/1 0:38,2020/12/1 1:00,1,6.9,1,N,137,37,1,22.5,3,0.5,2,0,0.3,28.3,2.5
2,2020/11/30 23:52,2020/11/30 23:54,1,0.7,1,N,163,50,2,4,0.5,0.5,0,0,0.3,7.8,2.5
2,2020/12/1 0:05,2020/12/1 0:08,1,0.7,1,N,48,50,1,4.5,0.5,0.5,1,0,0.3,9.3,2.5
2,2020/12/1 0:44,2020/12/1 0:46,1,1,1,N,249,90,1,5,0.5,0.5,1.76,0,0.3,10.56,2.5
2,2020/12/1 0:41,2020/12/1 1:03,1,10.82,1,N,138,142,1,32,0.5,0.5,8.38,6.12,0.3,50.3,2.5
2,2020/12/1 0:50,2020/12/1 1:03,1,3.75,1,N,237,211,2,13.5,0.5,0.5,0,0,0.3,17.3,2.5
2,2020/12/1 0:48,2020/12/1 1:03,1,3.44,1,N,211,52,1,14,0.5,0.5,3.56,0,0.3,21.36,2.5
2,2020/12/1 0:04,2020/12/1 0:10,1,2.38,1,N,142,68,1,8.5,0.5,0.5,2,0,0.3,14.3,2.5
2,2020/12/1 0:12,2020/12/1 0:20,6,0.55,1,N,41,74,2,5,0.5,0.5,0,0,0.3,6.3,0
2,2020/12/1 0:09,2020/12/1 0:25,4,4.09,1,N,137,239,1,15,0.5,0.5,3.76,0,0.3,22.56,2.5
2,2020/12/1 0:40,2020/12/1 1:05,6,18.78,2,N,132,114,1,52,0,0.5,13.82,0,0.3,69.12,2.5
2,2020/12/1 0:20,2020/12/1 0:33,1,4.96,1,N,75,7,1,15.5,0.5,0.5,0,0,0.3,19.3,2.5
2,2020/12/1 0:20,2020/12/1 0:34,1,5.13,1,N,170,260,2,16.5,0.5,0.5,0,0,0.3,20.3,2.5
2,2020/12/1 0:16,2020/12/1 0:48,1,10.5,1,N,138,114,1,31.5,0.5,0.5,10.59,0,0.3,45.89,2.5
1,2020/12/1 0:43,2020/12/1 0:59,1,6.9,1,N,132,197,2,21.5,0.5,0.5,0,0,0.3,22.8,0
1,2020/12/1 0:07,2020/12/1 0:13,1,2.5,1,N,233,263,2,8.5,3,0.5,0,0,0.3,12.3,2.5
1,2020/12/1 0:56,2020/12/1 1:02,1,1.6,1,N,230,141,1,7.5,3,0.5,2.25,0,0.3,13.55,2.5
2,2020/12/1 0:54,2020/12/1 1:01,4,3.2,1,N,132,10,1,10.5,0.5,0.5,2.95,0,0.3,14.75,0
1,2020/12/1 0:17,2020/12/1 0:24,1,1.5,1,N,166,238,1,7.5,3,0.5,1,0,0.3,12.3,2.5
2,2020/12/1 0:37,2020/12/1 0:42,1,1.39,1,N,229,262,2,6.5,0.5,0.5,0,0,0.3,10.3,2.5
2,2020/12/1 0:47,2020/12/1 0:55,1,2.94,1,N,140,107,2,10.5,0.5,0.5,0,0,0.3,14.3,2.5
1,2020/12/1 0:43,2020/12/1 0:52,2,3.5,1,N,132,10,1,12.5,0.5,0.5,0,0,0.3,13.8,0
2,2020/12/1 0:33,2020/12/1 0:38,1,0.77,1,N,68,234,1,5.5,0.5,0.5,1.5,0,0.3,10.8,2.5
2,2020/11/30 23:59,2020/12/1 0:13,2,4.48,1,N,87,68,1,15,0.5,0.5,2,0,0.3,20.8,2.5
2,2020/12/1 0:47,2020/12/1 0:51,2,1.43,1,N,162,107,1,6,0.5,0.5,1.96,0,0.3,11.76,2.5
2,2020/12/1 0:31,2020/12/1 0:38,1,2.25,1,N,263,74,2,8.5,0.5,0.5,0,0,0.3,12.3,2.5
2,2020/11/30 23:49,2020/11/30 23:59,1,2.56,1,N,262,151,1,10,0.5,0.5,2,0,0.3,15.8,2.5
2,2020/12/1 0:04,2020/12/1 0:08,1,1.05,1,N,238,24,1,5.5,0.5,0.5,2.04,0,0.3,8.84,0
2,2020/12/1 0:21,2020/12/1 0:39,1,8.46,1,N,231,193,2,24.5,0.5,0.5,0,0,0.3,28.3,2.5
1,2020/12/1 0:31,2020/12/1 0:39,1,1.7,1,N,249,231,1,8.5,3,0.5,2.45,0,0.3,14.75,2.5
1,2020/12/1 0:44,2020/12/1 0:56,1,4.2,1,N,125,142,1,13.5,3,0.5,3.45,0,0.3,20.75,2.5
2,2020/12/1 0:23,2020/12/1 0:45,3,17.76,2,N,132,162,1,52,0,0.5,10.8,6.12,0.3,72.22,2.5
1,2020/12/1 0:41,2020/12/1 0:52,1,2.4,1,N,161,143,1,10,3,0.5,2.75,0,0.3,16.55,2.5
1,2020/12/1 0:57,2020/12/1 1:16,1,5.1,1,N,143,168,2,18,3,0.5,0,0,0.3,21.8,2.5
2,2020/12/1 0:12,2020/12/1 0:37,1,11.21,1,N,48,89,4,32,0.5,0.5,0,0,0.3,35.8,2.5
2,2020/12/1 0:12,2020/12/1 0:37,1,11.21,1,N,48,188,2,32,0.5,0.5,0,0,0.3,35.8,2.5
2,2020/12/1 0:43,2020/12/1 1:05,2,16.77,2,N,132,170,1,52,0,0.5,10,6.12,0.3,71.42,2.5
2,2020/12/1 0:24,2020/12/1 0:27,1,0.8,1,N,234,90,1,5,0.5,0.5,1.76,0,0.3,10.56,2.5
2,2020/12/1 0:53,2020/12/1 0:59,1,1.52,1,N,230,143,1,7.5,0.5,0.5,2.26,0,0.3,13.56,2.5
2,2020/12/1 0:17,2020/12/1 0:38,1,3.56,1,N,68,232,2,16.5,0.5,0.5,0,0,0.3,20.3,2.5
2,2020/12/1 0:45,2020/12/1 0:58,1,3.83,1,N,79,48,1,13.5,0.5,0.5,2.7,0,0.3,20,2.5
1,2020/12/1 0:00,2020/12/1 0:07,1,2.9,1,N,137,262,1,9.5,3,0.5,2.66,0,0.3,15.96,2.5
1,2020/12/1 0:03,2020/12/1 0:20,1,6.9,1,N,170,168,2,20.5,3,0.5,0,0,0.3,24.3,2.5
1,2020/12/1 0:06,2020/12/1 0:23,1,10.3,1,N,138,162,2,30,3,0.5,0,6.12,0.3,39.92,2.5
2,2020/11/30 23:36,2020/11/30 23:57,1,10.07,1,N,138,142,1,29.5,0.5,0.5,7.88,6.12,0.3,47.3,2.5
2,2020/12/1 0:05,2020/12/1 0:20,1,4.29,1,N,142,231,1,15,0.5,0.5,3.76,0,0.3,22.56,2.5
1,2020/12/1 0:34,2020/12/1 0:53,1,4.3,1,N,186,232,2,16.5,3,0.5,0,0,0.3,20.3,2.5
2,2020/12/1 0:40,2020/12/1 0:41,1,0.34,1,N,236,263,2,3,0.5,0.5,0,0,0.3,6.8,2.5
2,2020/12/1 0:49,2020/12/1 0:54,1,1.18,1,N,162,164,1,6,0.5,0.5,1.96,0,0.3,11.76,2.5
2,2020/12/1 0:08,2020/12/1 0:17,1,2.71,1,N,142,166,1,10,0.5,0.5,2.76,0,0.3,16.56,2.5
1,2020/12/1 0:27,2020/12/1 0:37,0,1.2,1,N,107,107,1,8.5,3,0.5,3.05,0,0.3,15.35,2.5
2,2020/12/1 0:36,2020/12/1 0:43,5,2.87,1,N,162,75,1,9.5,0.5,0.5,1,0,0.3,14.3,2.5
2,2020/12/1 0:47,2020/12/1 0:50,5,1.31,1,N,236,141,1,6,0.5,0.5,1.96,0,0.3,11.76,2.5
2,2020/12/1 0:32,2020/12/1 0:38,3,1.88,1,N,161,68,1,7.5,0.5,0.5,2.26,0,0.3,13.56,2.5
2,2020/12/1 0:38,2020/12/1 0:45,1,1.56,1,N,140,236,2,7.5,0.5,0.5,0,0,0.3,11.3,2.5
2,2020/12/1 0:32,2020/12/1 0:57,1,17.34,2,N,132,229,1,52,0,0.5,12.28,6.12,0.3,73.7,2.5
2,2020/12/1 0:26,2020/12/1 0:29,1,0.6,1,N,170,233,1,4.5,0.5,0.5,2,0,0.3,10.3,2.5
1,2020/12/1 0:21,2020/12/1 0:26,1,0.9,1,N,249,90,1,5.5,3,0.5,1.85,0,0.3,11.15,2.5
1,2020/12/1 0:46,2020/12/1 0:55,1,2,1,N,137,230,1,8.5,3,0.5,3.05,0,0.3,15.35,2.5
2,2020/11/30 23:56,2020/11/30 23:59,1,0.59,1,N,48,50,2,4.5,0.5,0.5,0,0,0.3,8.3,2.5
1,2020/12/1 0:55,2020/12/1 1:29,1,0,1,N,42,76,1,42.2,0,0.5,0,6.12,0.3,49.12,0
2,2020/12/1 0:07,2020/12/1 0:16,1,1.82,1,N,142,141,1,8.5,0.5,0.5,2,0,0.3,14.3,2.5
2,2020/12/1 0:54,2020/12/1 0:56,1,0.24,1,N,236,75,2,3.5,0.5,0.5,0,0,0.3,4.8,0
2,2020/12/1 0:04,2020/12/1 0:13,1,2.24,1,N,114,170,2,9,0.5,0.5,0,0,0.3,12.8,2.5
2,2020/12/1 0:31,2020/12/1 0:38,2,3.18,1,N,229,74,2,10.5,0.5,0.5,0,0,0.3,14.3,2.5
2,2020/12/1 0:22,2020/12/1 0:23,1,0.33,1,N,116,152,2,3.5,0.5,0.5,0,0,0.3,4.8,0
2,2020/12/1 0:34,2020/12/1 0:37,1,1.22,1,N,50,246,2,5.5,0.5,0.5,0,0,0.3,9.3,2.5
2,2020/12/1 0:24,2020/12/1 0:26,3,0.65,1,N,90,249,1,4,0.5,0.5,1,0,0.3,8.8,2.5
2,2020/12/1 0:43,2020/12/1 0:58,1,7.9,1,N,132,86,1,23,0.5,0.5,4.86,0,0.3,29.16,0
2,2020/12/1 0:10,2020/12/1 0:27,3,4.49,1,N,237,223,2,16.5,0.5,0.5,0,0,0.3,20.3,2.5
2,2020/12/1 0:51,2020/12/1 1:14,3,13.7,1,N,79,220,2,38,0.5,0.5,0,0,0.3,41.8,2.5
1,2020/12/1 0:26,2020/12/1 0:40,1,9.4,1,N,138,10,1,26,0.5,0.5,3,0,0.3,30.3,0
2,2020/12/1 0:17,2020/12/1 0:23,1,2.37,1,N,170,263,2,8,0.5,0.5,0,0,0.3,11.8,2.5
2,2020/12/1 0:45,2020/12/1 1:12,2,18.44,2,N,132,79,2,52,0,0.5,0,0,0.3,55.3,2.5
2,2020/11/30 23:43,2020/11/30 23:50,1,2.07,1,N,170,158,1,8.5,0.5,0.5,2.46,0,0.3,14.76,2.5
2,2020/11/30 23:59,2020/12/1 0:09,1,2,1,N,231,79,2,9,0.5,0.5,0,0,0.3,12.8,2.5
2,2020/12/1 0:05,2020/12/1 0:30,6,7.48,1,N,141,140,1,27,0.5,0.5,2,0,0.3,32.8,2.5
1,2020/12/1 0:00,2020/12/1 0:06,2,1.2,1,Y,142,239,1,6.5,3,0.5,2.55,0,0.3,12.85,2.5
1,2020/12/1 0:29,2020/12/1 0:35,1,1.7,1,N,233,224,2,7,3,0.5,0,0,0.3,10.8,2.5
2,2020/12/1 0:25,2020/12/1 0:55,6,18.64,2,N,132,143,2,52,0,0.5,0,6.12,0.3,61.42,2.5
2,2020/12/1 0:39,2020/12/1 0:41,1,1.24,1,N,75,74,2,5.5,0.5,0.5,0,0,0.3,6.8,0
1,2020/12/1 0:19,2020/12/1 0:25,1,1.9,1,N,164,158,2,7.5,3,0.5,0,0,0.3,11.3,2.5
2,2020/12/1 0:34,2020/12/1 0:55,6,17.73,2,N,132,232,1,52,0,0.5,11.06,0,0.3,66.36,2.5
2,2020/12/1 0:58,2020/12/1 1:05,6,3.19,1,N,79,88,2,11,0.5,0.5,0,0,0.3,14.8,2.5
2,2020/12/1 0:31,2020/12/1 0:31,1,0,2,N,137,137,1,52,0,0.5,12.28,6.12,0.3,73.7,2.5
2,2020/12/1 0:11,2020/12/1 0:30,2,10.36,1,N,138,79,2,29,0.5,0.5,0,0,0.3,32.8,2.5
2,2020/12/1 0:32,2020/12/1 0:45,2,5.2,1,N,79,236,1,17,0.5,0.5,4.16,0,0.3,24.96,2.5
1,2020/12/1 0:07,2020/12/1 0:11,1,0.5,1,N,68,48,3,5,3,0.5,0,0,0.3,8.8,2.5
2,2020/12/1 0:33,2020/12/1 1:10,1,16.74,1,N,68,259,1,49,0.5,0.5,5,0,0.3,57.8,2.5
2,2020/12/1 0:00,2020/12/1 0:05,2,1.85,1,N,137,148,2,7.5,0.5,0.5,0,0,0.3,11.3,2.5
2,2020/12/1 0:34,2020/12/1 0:40,2,1.68,1,N,75,238,1,7,0.5,0.5,1.66,0,0.3,9.96,0
2,2020/12/1 0:04,2020/12/1 0:09,2,0.77,1,N,166,166,2,5.5,0.5,0.5,0,0,0.3,6.8,0
2,2020/12/1 0:12,2020/12/1 0:13,2,0.29,1,N,42,42,1,3.5,0.5,0.5,0.48,0,0.3,5.28,0
2,2020/12/1 0:26,2020/12/1 0:27,1,0.57,1,N,164,100,2,3.5,0.5,0.5,0,0,0.3,7.3,2.5
2,2020/12/1 0:05,2020/12/1 0:15,1,3.68,1,N,236,50,1,12.5,0.5,0.5,3.26,0,0.3,19.56,2.5
2,2020/12/1 0:28,2020/12/1 0:31,1,1,1,N,229,140,2,5,0.5,0.5,0,0,0.3,8.8,2.5
2,2020/12/1 0:32,2020/12/1 0:32,1,0,5,N,140,140,1,5,0,0.5,1.66,0,0.3,9.96,2.5
2,2020/12/1 0:39,2020/12/1 0:46,1,1.98,1,N,263,238,2,8.5,0.5,0.5,0,0,0.3,12.3,2.5
1,2020/12/1 0:04,2020/12/1 0:08,2,1.3,1,N,48,186,1,5.5,3,0.5,1.85,0,0.3,11.15,2.5
1,2020/12/1 0:11,2020/12/1 0:16,1,1.4,1,N,186,162,1,6.5,3,0.5,0,0,0.3,10.3,2.5
1,2020/12/1 0:41,2020/12/1 0:48,1,3.1,1,N,161,151,1,10.5,3,0.5,1.75,0,0.3,16.05,2.5
2,2020/12/1 0:47,2020/12/1 0:49,1,0.52,1,N,79,4,1,3.5,0.5,0.5,4,0,0.3,11.3,2.5
1,2020/12/1 0:52,2020/12/1 0:59,2,2.2,1,N,246,239,2,8.5,3,0.5,0,0,0.3,12.3,2.5
1,2020/12/1 0:27,2020/12/1 0:32,1,1.2,1,N,233,164,1,6,3,0.5,1.95,0,0.3,11.75,2.5
2,2020/11/30 13:23,2020/12/1 12:44,1,8.64,1,N,138,116,1,26.5,0.5,0.5,4,6.12,0.3,37.92,0
2,2020/12/1 0:08,2020/12/1 0:15,1,3.34,1,N,50,24,1,10.5,0.5,0.5,1.43,0,0.3,15.73,2.5
2,2020/12/1 0:34,2020/12/1 0:37,6,0.69,1,N,79,114,1,4.5,0.5,0.5,1,0,0.3,9.3,2.5
2,2020/12/1 0:21,2020/12/1 0:26,1,1.18,1,N,90,114,1,6,0.5,0.5,0.98,0,0.3,10.78,2.5
1,2020/12/1 0:02,2020/12/1 0:27,1,0,1,N,255,197,1,37.03,0,0.5,0,0,0.3,37.83,0
2,2020/12/1 0:41,2020/12/1 0:52,1,6.83,1,N,138,74,1,20,0.5,0.5,8.23,6.12,0.3,35.65,0
2,2020/12/1 0:27,2020/12/1 0:32,2,1.42,1,N,237,170,1,6.5,0.5,0.5,1,0,0.3,11.3,2.5
2,2020/12/1 0:03,2020/12/1 0:24,2,12.33,1,N,141,131,1,34.5,0.5,0.5,4,0,0.3,42.3,2.5
1,2020/12/1 0:29,2020/12/1 0:34,0,1.7,1,N,141,75,2,6.5,3,0.5,0,0,0.3,10.3,2.5
2,2020/12/1 0:05,2020/12/1 0:10,1,1.26,1,N,79,107,2,6,0.5,0.5,0,0,0.3,9.8,2.5
2,2020/12/1 0:27,2020/12/1 0:29,2,0.92,1,N,74,75,2,4.5,0.5,0.5,0,0,0.3,5.8,0
2,2020/12/1 0:57,2020/12/1 1:10,1,7.18,1,N,132,95,2,21.5,0.5,0.5,0,0,0.3,22.8,0
2,2020/12/1 0:13,2020/12/1 0:28,1,4.02,1,N,239,137,1,15,0.5,0.5,5.64,0,0.3,24.44,2.5
1,2020/12/1 0:26,2020/12/1 0:50,2,14.6,2,N,132,170,1,52,2.5,0.5,2,6.12,0.3,63.42,2.5
2,2020/12/1 0:34,2020/12/1 0:40,1,1.72,1,N,236,239,1,8,0.5,0.5,1.5,0,0.3,13.3,2.5
2,2020/12/1 0:27,2020/12/1 0:45,1,11.75,1,N,138,49,1,32.5,0.5,0.5,2,0,0.3,35.8,0
2,2020/12/1 0:06,2020/12/1 0:13,1,1.66,1,N,43,162,2,7,0.5,0.5,0,0,0.3,10.8,2.5
2,2020/12/1 0:18,2020/12/1 0:24,1,1.95,1,N,229,263,2,7.5,0.5,0.5,0,0,0.3,11.3,2.5
2,2020/12/1 0:11,2020/12/1 0:14,1,0.97,1,N,238,166,2,5,0.5,0.5,0,0,0.3,8.8,2.5
1,2020/12/1 0:04,2020/12/1 0:29,0,18,2,Y,132,41,1,52,0,0.5,11,6.12,0.3,69.92,0
1,2020/12/1 0:43,2020/12/1 0:45,0,0.6,1,N,238,239,2,4,3,0.5,0,0,0.3,7.8,2.5
2,2020/12/1 0:34,2020/12/1 0:42,3,2.22,1,N,186,143,1,9,0.5,0.5,0.5,0,0.3,13.3,2.5
1,2020/12/1 0:02,2020/12/1 0:23,1,4,1,N,263,226,2,17,3,0.5,0,0,0.3,20.8,2.5
2,2020/12/1 0:03,2020/12/1 0:13,5,2.75,1,N,230,107,2,10.5,0.5,0.5,0,0,0.3,14.3,2.5
2,2020/12/1 0:51,2020/12/1 0:52,4,0.4,1,N,100,48,1,3.5,0.5,0.5,1.5,0,0.3,8.8,2.5
2,2020/12/1 0:08,2020/12/1 0:11,5,1.16,1,N,238,166,1,5.5,0.5,0.5,0,0,0.3,9.3,2.5
2,2020/12/1 0:03,2020/12/1 0:04,1,0.64,1,N,68,186,1,4,0.5,0.5,1.56,0,0.3,9.36,2.5
2,2020/12/1 0:16,2020/12/1 0:21,1,0.66,1,N,90,68,1,4,0.5,0.5,0,0,0.3,7.8,2.5
2,2020/12/1 0:41,2020/12/1 0:46,6,1.64,1,N,162,100,1,7,0.5,0.5,2.7,0,0.3,13.5,2.5
2,2020/12/1 0:38,2020/12/1 1:12,1,12.88,1,N,132,25,1,39.5,0.5,0.5,8.16,0,0.3,48.96,0
2,2020/12/1 0:23,2020/12/1 0:33,5,3.06,1,N,249,229,1,11,0.5,0.5,4.44,0,0.3,19.24,2.5
2,2020/12/1 0:22,2020/12/1 0:54,1,12.68,1,N,132,189,2,37,0.5,0.5,0,0,0.3,38.3,0
1,2020/12/1 0:10,2020/12/1 0:37,1,17.3,2,N,132,137,1,52,2.5,0.5,12.25,6.12,0.3,73.67,2.5
1,2020/12/1 0:41,2020/12/1 0:46,2,0.7,1,N,162,161,2,5,3,0.5,0,0,0.3,8.8,2.5
2,2020/12/1 0:12,2020/12/1 0:31,2,6.98,1,N,234,37,2,21.5,0.5,0.5,0,0,0.3,25.3,2.5
1,2020/12/1 0:14,2020/12/1 0:27,1,8.1,1,N,132,121,1,23.5,0.5,0.5,4.95,0,0.3,29.75,0
1,2020/12/1 0:06,2020/12/1 0:13,2,1.3,1,N,186,246,1,7,3,0.5,2.15,0,0.3,12.95,2.5
1,2020/12/1 0:44,2020/12/1 0:49,1,0.6,1,N,140,141,2,5,3,0.5,0,0,0.3,8.8,2.5
1,2020/12/1 0:22,2020/12/1 0:23,1,0,5,N,243,243,1,35,0,0,0,0,0.3,35.3,0
1,2020/12/1 0:54,2020/12/1 1:07,1,4.6,1,N,186,75,1,15,3,0.5,0.2,0,0.3,19,2.5
2,2020/12/1 0:09,2020/12/1 0:36,1,19.46,2,N,132,236,1,52,0,0.5,12.28,6.12,0.3,73.7,2.5
2,2020/12/1 0:00,2020/12/1 0:09,1,2.05,1,N,68,114,1,9,0.5,0.5,3,0,0.3,15.8,2.5
2,2020/12/1 0:33,2020/12/1 0:36,1,0.75,1,N,186,48,1,4.5,0.5,0.5,1.66,0,0.3,9.96,2.5
2,2020/12/1 0:42,2020/12/1 0:59,1,7.14,1,N,48,168,2,22.5,0.5,0.5,0,0,0.3,26.3,2.5
2,2020/12/1 0:27,2020/12/1 0:54,2,10.1,1,N,138,239,1,31.5,0.5,0.5,4,6.12,0.3,45.42,2.5
2,2020/12/1 0:31,2020/12/1 0:49,4,7.73,1,N,68,244,1,24.5,0.5,0.5,7.08,0,0.3,35.38,2.5
2,2020/12/1 0:21,2020/12/1 1:03,1,42.38,1,N,44,200,1,109,0.5,0.5,2.75,21,0.3,134.05,0
2,2020/12/1 0:11,2020/12/1 0:28,4,6.1,1,N,68,152,2,20,0.5,0.5,0,0,0.3,23.8,2.5
2,2020/12/1 0:36,2020/12/1 0:38,1,0.48,1,N,138,70,1,4,0.5,0.5,1.59,0,0.3,6.89,0
1,2020/12/1 0:16,2020/12/1 0:48,1,12,1,N,140,188,1,35.5,3,0.5,7.85,0,0.3,47.15,2.5
2,2020/12/1 0:48,2020/12/1 1:06,6,10.02,1,N,145,130,1,28.5,0.5,0.5,0,0,0.3,29.8,0
2,2020/12/1 0:20,2020/12/1 0:29,1,2.31,1,N,263,163,1,9.5,0.5,0.5,2.66,0,0.3,15.96,2.5
2,2020/12/1 0:11,2020/12/1 0:14,1,0.77,1,N,236,262,1,5,0.5,0.5,1.76,0,0.3,10.56,2.5
1,2020/12/1 0:28,2020/12/1 0:45,1,6.1,1,N,48,65,1,19,3,0.5,4.55,0,0.3,27.35,2.5
2,2020/12/1 0:17,2020/12/1 0:19,1,0.55,1,N,148,79,2,4,0.5,0.5,0,0,0.3,7.8,2.5
2,2020/12/1 0:35,2020/12/1 0:37,2,0.08,1,N,141,141,4,3.5,0.5,0.5,0,0,0.3,7.3,2.5
2,2020/12/1 0:35,2020/12/1 0:37,2,0.08,1,N,141,141,2,3.5,0.5,0.5,0,0,0.3,7.3,2.5
1,2020/12/1 0:50,2020/12/1 0:54,2,1.1,1,N,186,48,1,5.5,3,0.5,2.75,0,0.3,12.05,2.5
1,2020/12/1 0:29,2020/12/1 0:46,1,9,1,N,138,141,1,25.5,3,0.5,5.31,6.12,0.3,40.73,2.5
1,2020/12/1 0:37,2020/12/1 1:04,0,20.1,2,N,132,209,1,52,2.5,0.5,11.05,0,0.3,66.35,2.5
1,2020/12/1 0:03,2020/12/1 0:06,1,0.5,1,N,186,100,1,4.5,3,0.5,0,0,0.3,8.3,2.5
1,2020/12/1 0:07,2020/12/1 0:17,1,2.4,1,N,100,141,1,9.5,3,0.5,2.65,0,0.3,15.95,2.5
2,2020/12/1 0:08,2020/12/1 0:28,2,5.16,1,N,48,74,1,19,0.5,0.5,4.56,0,0.3,27.36,2.5
2,2020/12/1 0:40,2020/12/1 0:42,1,0.8,1,N,263,236,3,4.5,0.5,0.5,0,0,0.3,8.3,2.5
2,2020/12/1 0:40,2020/12/1 0:42,1,0.8,1,N,263,236,2,4.5,0.5,0.5,0,0,0.3,8.3,2.5
2,2020/12/1 0:27,2020/12/1 0:35,1,2.09,1,N,186,79,2,8.5,0.5,0.5,0,0,0.3,12.3,2.5
2,2020/12/1 0:21,2020/12/1 0:22,3,0.53,1,N,263,236,1,3.5,0.5,0.5,1.46,0,0.3,8.76,2.5
1,2020/12/1 0:16,2020/12/1 0:30,2,11.6,1,N,138,232,1,32,3,0.5,10.7,0,0.3,46.5,2.5
2,2020/12/1 0:40,2020/12/1 0:53,1,6.74,2,N,223,262,1,52,0,0.5,12.28,6.12,0.3,73.7,2.5
2,2020/12/1 0:26,2020/12/1 0:28,2,0.23,1,N,238,238,1,3,0.5,0.5,1.36,0,0.3,8.16,2.5
2,2020/12/1 0:26,2020/12/1 0:27,1,0,5,N,90,90,1,10,0,0.5,1,0,0.3,11.8,0
2,2020/12/1 0:34,2020/12/1 0:37,1,1.12,1,N,164,230,2,5.5,0.5,0.5,0,0,0.3,9.3,2.5
2,2020/11/30 23:56,2020/12/1 0:00,1,1.51,1,N,107,170,1,6,0.5,0.5,1,0,0.3,10.8,2.5
2,2020/12/1 0:33,2020/12/1 0:40,1,1.68,1,N,263,74,1,7.5,0.5,0.5,3.39,0,0.3,14.69,2.5
2,2020/12/1 0:14,2020/12/1 0:42,1,18.26,2,N,132,48,1,52,0,0.5,12.28,6.12,0.3,73.7,2.5
2,2020/12/1 0:29,2020/12/1 0:38,1,2.01,1,N,48,141,1,9,0.5,0.5,1.5,0,0.3,14.3,2.5
2,2020/11/30 23:57,2020/12/1 0:03,3,1.4,1,N,263,75,2,7,0.5,0.5,0,0,0.3,10.8,2.5
2,2020/12/1 0:14,2020/12/1 0:17,2,0.75,1,N,141,263,2,4.5,0.5,0.5,0,0,0.3,8.3,2.5
2,2020/12/1 0:48,2020/12/1 1:03,2,8.74,1,N,137,244,1,24.5,0.5,0.5,4,0,0.3,32.3,2.5
2,2020/12/1 0:35,2020/12/1 0:43,2,1.43,1,N,107,4,2,7.5,0.5,0.5,0,0,0.3,11.3,2.5
1,2020/12/1 0:00,2020/12/1 0:11,0,3.7,1,N,263,234,1,12.5,3,0.5,3.25,0,0.3,19.55,2.5
2,2020/12/1 0:32,2020/12/1 0:43,1,4.21,1,N,234,75,2,13.5,0.5,0.5,0,0,0.3,17.3,2.5
1,2020/12/1 0:13,2020/12/1 0:39,1,0,1,N,226,219,1,36.2,0,0.5,0,0,0.3,37,0
2,2020/11/30 18:31,2020/11/30 18:47,1,9.13,1,N,138,79,2,26.5,0.5,0.5,0,0,0.3,30.3,2.5
1,2020/12/1 0:05,2020/12/1 0:42,2,29,1,N,132,200,1,76,0.5,0.5,20.85,6.12,0.3,104.27,0
2,2020/12/1 0:49,2020/12/1 1:00,1,2.31,1,N,263,41,2,10.5,0.5,0.5,0,0,0.3,14.3,2.5
1,2020/12/1 0:00,2020/12/1 0:08,1,1.8,1,N,162,141,1,8.5,3,0.5,3.05,0,0.3,15.35,2.5
2,2020/12/1 0:29,2020/12/1 0:30,1,0.33,1,N,161,230,1,3,0.5,0.5,1.36,0,0.3,8.16,2.5
2,2020/12/1 0:37,2020/12/1 0:46,1,2.34,1,N,100,113,1,9.5,0.5,0.5,2.66,0,0.3,15.96,2.5
1,2020/12/1 0:28,2020/12/1 0:51,1,6.4,1,N,142,82,2,22.5,3,0.5,0,0,0.3,26.3,2.5
2,2020/12/1 0:13,2020/12/1 0:31,1,10.13,1,N,138,224,1,28.5,0.5,0.5,7.68,6.12,0.3,46.1,2.5
2,2020/12/1 0:15,2020/12/1 0:18,1,0.96,1,N,48,186,2,5,0.5,0.5,0,0,0.3,8.8,2.5
1,2020/12/1 0:10,2020/12/1 0:34,1,14.5,1,N,132,37,1,40,0.5,0.5,8,0,0.3,49.3,0
1,2020/12/1 0:15,2020/12/1 0:37,1,20.3,1,N,132,81,1,53.5,0.5,0.5,5,6.12,0.3,65.92,0
1,2020/12/1 0:38,2020/12/1 0:56,0,13.2,1,N,132,260,1,36.5,0.5,0.5,7.55,0,0.3,45.35,0
1,2020/12/1 0:20,2020/12/1 0:32,1,3.8,1,N,162,7,1,13,3,0.5,4.2,0,0.3,21,2.5
2,2020/12/1 0:03,2020/12/1 0:07,5,1.65,1,N,137,141,1,6.5,0.5,0.5,2,0,0.3,12.3,2.5
2,2020/12/1 0:16,2020/12/1 0:41,1,20.07,2,N,132,140,1,52,0,0.5,12.28,6.12,0.3,73.7,2.5
2,2020/12/1 0:44,2020/12/1 1:16,2,10.02,1,N,238,129,1,32,0.5,0.5,0,0,0.3,35.8,2.5
2,2020/12/1 0:31,2020/12/1 0:41,1,1.93,1,N,229,142,2,9,0.5,0.5,0,0,0.3,12.8,2.5
2,2020/12/1 0:11,2020/12/1 0:38,1,19.77,1,N,132,20,2,53,0.5,0.5,0,6.12,0.3,60.42,0
2,2020/12/1 0:33,2020/12/1 0:45,1,7.16,1,N,132,76,2,21,0.5,0.5,0,0,0.3,22.3,0
2,2020/12/1 0:23,2020/12/1 0:29,1,1.72,1,N,229,262,1,7.5,0.5,0.5,2.26,0,0.3,13.56,2.5
2,2020/12/1 0:34,2020/12/1 1:03,1,21.4,1,N,138,89,1,57,0.5,0.5,8,0,0.3,66.3,0
1,2020/12/1 0:29,2020/12/1 0:44,1,6.3,1,N,138,95,2,19.5,0.5,0.5,0,0,0.3,20.8,0
2,2020/12/1 0:39,2020/12/1 0:50,1,6.64,1,N,132,124,1,19.5,0.5,0.5,4.16,0,0.3,24.96,0
2,2020/12/1 0:59,2020/12/1 1:03,1,1.38,1,N,141,229,1,6,0.5,0.5,1.96,0,0.3,11.76,2.5
2,2020/12/1 0:23,2020/12/1 0:38,1,8.44,1,N,132,121,1,24.5,0.5,0.5,3,0,0.3,28.8,0
2,2020/12/1 0:14,2020/12/1 0:18,1,0.45,1,N,107,107,4,4.5,0.5,0.5,0,0,0.3,8.3,2.5
2,2020/12/1 0:14,2020/12/1 0:18,1,0.45,1,N,107,107,2,4.5,0.5,0.5,0,0,0.3,8.3,2.5
2,2020/12/1 0:36,2020/12/1 0:41,1,2.1,1,N,263,233,1,7.5,0.5,0.5,1,0,0.3,12.3,2.5
2,2020/12/1 0:27,2020/12/1 0:42,1,2.84,1,N,48,151,2,12.5,0.5,0.5,0,0,0.3,16.3,2.5
1,2020/12/1 0:32,2020/12/1 0:54,1,14.2,1,N,132,7,2,39.5,0.5,0.5,0,0,0.3,40.8,0
2,2020/12/1 0:56,2020/12/1 1:23,2,10.1,1,N,132,95,1,31.5,0.5,0.5,6.56,0,0.3,39.36,0
2,2020/12/1 0:53,2020/12/1 1:07,1,6.11,1,N,100,41,1,19.5,0.5,0.5,1,0,0.3,24.3,2.5
2,2020/12/1 0:49,2020/12/1 1:18,1,18.12,2,N,132,41,1,52,0,0.5,9,6.12,0.3,67.92,0
1,2020/12/1 0:16,2020/12/1 0:23,2,1.5,1,N,138,129,1,7,0.5,0.5,1.65,0,0.3,9.95,0
1,2020/12/1 0:29,2020/12/1 0:48,1,11.7,1,Y,138,137,1,32.5,3,0.5,10,6.12,0.3,52.42,2.5
2,2020/12/1 0:47,2020/12/1 0:49,1,0.5,1,N,237,237,1,4,0.5,0.5,1.95,0,0.3,9.75,2.5
2,2020/12/1 0:38,2020/12/1 0:47,1,3.21,1,N,138,7,1,11.5,0.5,0.5,2.56,0,0.3,15.36,0
2,2020/12/1 0:31,2020/12/1 0:57,1,16.15,1,N,132,123,2,44,0.5,0.5,0,0,0.3,45.3,0
2,2020/12/1 0:43,2020/12/1 1:06,1,18.36,1,N,132,112,1,49,0.5,0.5,12.57,0,0.3,62.87,0
2,2020/11/30 23:56,2020/12/1 0:04,1,3.77,1,N,138,7,1,12,0.5,0.5,3.32,0,0.3,16.62,0
1,2020/12/1 0:08,2020/12/1 0:20,1,3.1,1,N,48,48,1,11.5,3,0.5,3.05,0,0.3,18.35,2.5
2,2020/12/1 0:36,2020/12/1 0:59,2,16.76,1,N,132,255,1,45,0.5,0.5,7.87,0,0.3,54.17,0
1,2020/12/1 0:24,2020/12/1 0:44,1,7.8,1,N,237,13,1,24,3,0.5,5.55,0,0.3,33.35,2.5
2,2020/12/1 0:12,2020/12/1 0:15,1,0.71,1,N,48,50,2,4.5,0.5,0.5,0,0,0.3,8.3,2.5
2,2020/12/1 1:36,2020/12/1 1:45,1,2.74,1,N,238,116,2,9.5,0.5,0.5,0,0,0.3,10.8,0
2,2020/12/1 1:27,2020/12/1 1:50,1,11.97,1,N,87,244,1,34.5,0.5,0.5,11.49,0,0.3,49.79,2.5
2,2020/12/1 1:01,2020/12/1 1:22,3,5.62,1,N,107,188,1,20,0.5,0.5,4.76,0,0.3,28.56,2.5
2,2020/12/1 1:16,2020/12/1 1:20,1,1.03,1,N,239,142,1,5.5,0.5,0.5,1,0,0.3,10.3,2.5
2,2020/12/1 1:52,2020/12/1 1:59,3,2.04,1,N,239,43,2,8.5,0.5,0.5,0,0,0.3,12.3,2.5
2,2020/12/1 1:57,2020/12/1 2:02,1,3.77,1,N,132,219,2,12,0.5,0.5,0,0,0.3,13.3,0
1,2020/12/1 1:04,2020/12/1 1:31,1,19.1,2,N,132,113,1,52,2.5,0.5,11.05,0,0.3,66.35,2.5
1,2020/12/1 1:37,2020/12/1 1:45,1,1.8,1,N,79,186,1,8,3,0.5,0,0,0.3,11.8,2.5
2,2020/12/1 1:01,2020/12/1 1:24,4,11.48,1,N,132,129,1,34,0.5,0.5,7.06,0,0.3,42.36,0
1,2020/12/1 1:57,2020/12/1 2:18,2,11.7,1,N,138,164,1,32.5,3,0.5,5,6.12,0.3,47.42,2.5
2,2020/12/1 1:07,2020/12/1 1:31,1,21.78,1,N,132,213,1,57,0.5,0.5,5,6.12,0.3,69.42,0
1,2020/12/1 1:00,2020/12/1 1:04,1,1.4,1,N,137,79,1,6,3,0.5,1.47,0,0.3,11.27,2.5
2,2020/12/1 1:52,2020/12/1 2:04,1,6.35,1,N,132,76,1,18.5,0.5,0.5,0,0,0.3,19.8,0
2,2020/12/1 1:31,2020/12/1 1:40,1,1.35,1,N,239,142,2,8.5,0.5,0.5,0,0,0.3,12.3,2.5
2,2020/12/1 1:07,2020/12/1 1:12,1,1.39,1,N,237,233,1,6.5,0.5,0.5,2.06,0,0.3,12.36,2.5
2,2020/12/1 1:15,2020/12/1 1:45,1,9.34,1,N,162,134,2,30.5,0.5,0.5,0,0,0.3,34.3,2.5
2,2020/12/1 1:06,2020/12/1 1:12,1,1.33,1,N,236,75,2,6.5,0.5,0.5,0,0,0.3,10.3,2.5
2,2020/12/1 1:30,2020/12/1 1:48,1,6.31,1,N,141,244,1,20.5,0.5,0.5,4.86,0,0.3,29.16,2.5
2,2020/12/1 1:19,2020/12/1 1:33,1,4.55,1,N,186,75,1,15,0.5,0.5,3.76,0,0.3,22.56,2.5
2,2020/12/1 1:56,2020/12/1 2:01,1,1.76,1,N,186,142,1,7,0.5,0.5,2.16,0,0.3,12.96,2.5
1,2020/12/1 1:49,2020/12/1 1:54,1,1,1,N,148,114,1,6,3,0.5,2.45,0,0.3,12.25,2.5
1,2020/12/1 1:33,2020/12/1 2:05,1,8.4,1,N,68,62,1,27.5,3,0.5,7.8,0,0.3,39.1,2.5
2,2020/12/1 1:07,2020/12/1 1:38,1,18.39,2,N,132,68,1,52,0,0.5,0,6.12,0.3,61.42,2.5
2,2020/12/1 0:59,2020/12/1 1:02,2,0.9,1,N,249,68,2,5,0.5,0.5,0,0,0.3,8.8,2.5
2,2020/12/1 1:21,2020/12/1 1:28,1,0.71,1,N,79,148,2,5.5,0.5,0.5,0,0,0.3,9.3,2.5
1,2020/12/1 1:42,2020/12/1 1:50,1,1.8,1,N,162,140,1,8.5,3,0.5,3.05,0,0.3,15.35,2.5
2,2020/12/1 1:15,2020/12/1 1:16,1,0.02,2,N,152,152,1,52,0,0.5,11.78,6.12,0.3,70.7,0
2,2020/12/1 1:07,2020/12/1 1:07,1,0,5,N,236,236,1,10,0,0.5,3.32,0,0.3,16.62,2.5
2,2020/12/1 1:44,2020/12/1 2:03,4,6.84,1,N,186,82,1,21.5,0.5,0.5,0,0,0.3,25.3,2.5
2,2020/12/1 1:24,2020/12/1 1:44,1,7.22,1,N,229,129,2,22.5,0.5,0.5,0,0,0.3,26.3,2.5
2,2020/12/1 1:59,2020/12/1 2:04,1,0.08,5,N,173,173,2,50,0,0,0,0,0.3,50.3,0
2,2020/12/1 1:05,2020/12/1 1:24,1,5.55,1,N,140,152,2,19.5,0.5,0.5,0,0,0.3,23.3,2.5
2,2020/12/1 1:54,2020/12/1 1:54,1,8.3,5,N,68,68,1,35,0,0.5,6,0,0.3,44.3,2.5
2,2020/12/1 1:17,2020/12/1 1:51,2,23.11,1,N,132,14,2,61,0.5,0.5,0,0,0.3,62.3,0
1,2020/12/1 1:03,2020/12/1 1:08,1,1.6,1,N,237,75,1,7,3,0.5,2.15,0,0.3,12.95,2.5
1,2020/12/1 1:12,2020/12/1 1:19,1,2,1,N,75,42,2,8.5,0.5,0.5,0,0,0.3,9.8,0
1,2020/12/1 1:27,2020/12/1 1:34,1,0.4,1,N,41,41,1,6.5,0.5,0.5,0,0,0.3,7.8,0
1,2020/12/1 1:40,2020/12/1 1:46,1,0.4,1,N,42,42,3,5.5,0.5,0.5,0,0,0.3,6.8,0
1,2020/12/1 1:36,2020/12/1 1:48,1,5,1,N,48,166,2,16.5,3,0.5,0,0,0.3,20.3,2.5
1,2020/12/1 1:12,2020/12/1 1:17,1,1.7,1,N,151,239,2,7.5,3,0.5,0,0,0.3,11.3,2.5
1,2020/12/1 1:23,2020/12/1 1:33,1,2.7,1,N,238,42,1,10,3,0.5,0.08,0,0.3,13.88,2.5
1,2020/12/1 1:43,2020/12/1 1:54,1,3.8,1,N,74,167,1,14,0.5,0.5,0,0,0.3,15.3,0
2,2020/12/1 1:46,2020/12/1 1:51,1,1.09,1,N,163,140,1,6,0.5,0.5,1.96,0,0.3,11.76,2.5
2,2020/12/1 1:21,2020/12/1 1:23,1,0.01,1,N,55,55,2,3.5,0.5,0.5,0,0,0.3,4.8,0
2,2020/12/1 1:24,2020/12/1 1:47,1,13.7,1,N,55,10,2,40.5,0.5,0.5,0,0,0.3,41.8,0
2,2020/12/1 1:57,2020/12/1 2:03,1,0.03,1,N,10,10,2,5,0.5,0.5,0,0,0.3,6.3,0
1,2020/12/1 1:03,2020/12/1 1:19,1,5.3,1,N,142,4,1,18.5,3,0.5,4.45,0,0.3,26.75,2.5
2,2020/12/1 1:16,2020/12/1 1:21,2,2.21,1,N,45,52,1,8.5,0.5,0.5,2.46,0,0.3,14.76,2.5
2,2020/12/1 1:05,2020/12/1 1:16,1,5.01,1,N,48,152,1,16.5,0.5,0.5,4.06,0,0.3,24.36,2.5
2,2020/12/1 1:12,2020/12/1 1:16,1,0.93,1,N,68,249,2,5,0.5,0.5,0,0,0.3,8.8,2.5
2,2020/12/1 1:20,2020/12/1 1:29,3,0.74,1,N,114,211,2,7,0.5,0.5,0,0,0.3,10.8,2.5
1,2020/12/1 1:01,2020/12/1 1:25,1,9.2,1,N,87,152,2,28,3,0.5,0,0,0.3,31.8,2.5
1,2020/12/1 1:23,2020/12/1 1:41,1,3.2,1,N,75,116,1,15,0.5,0.5,3.25,0,0.3,19.55,0
2,2020/12/1 1:02,2020/12/1 1:24,1,10.51,1,N,132,36,1,30,0.5,0.5,3,0,0.3,34.3,0
1,2020/12/1 1:18,2020/12/1 1:24,1,1.4,1,N,140,161,2,7,3,0.5,0,0,0.3,10.8,2.5
1,2020/12/1 1:51,2020/12/1 1:54,1,1.5,1,N,90,230,1,6,3,0.5,1.95,0,0.3,11.75,2.5
2,2020/12/1 1:03,2020/12/1 1:17,1,4.07,1,N,143,42,2,13.5,0.5,0.5,0,0,0.3,17.3,2.5
1,2020/12/1 1:03,2020/12/1 1:08,1,1.7,1,N,148,137,2,7,3,0.5,0,0,0.3,10.8,2.5
1,2020/12/1 1:20,2020/12/1 1:30,1,3.4,1,N,186,263,1,11.5,3,0.5,3.05,0,0.3,18.35,2.5
2,2020/12/1 1:21,2020/12/1 1:31,1,2.24,1,N,186,224,1,9.5,0.5,0.5,2,0,0.3,15.3,2.5
2,2020/12/1 1:17,2020/12/1 1:19,5,0.8,1,N,162,237,1,4.5,0.5,0.5,1.5,0,0.3,9.8,2.5
2,2020/12/1 1:25,2020/12/1 1:39,6,3.91,1,N,263,164,2,13.5,0.5,0.5,0,0,0.3,17.3,2.5
2,2020/12/1 1:43,2020/12/1 1:54,5,3.59,1,N,170,75,2,12,0.5,0.5,0,0,0.3,15.8,2.5
2,2020/12/1 1:07,2020/12/1 1:47,1,18.91,1,N,100,180,2,54.5,0.5,0.5,0,0,0.3,58.3,2.5
1,2020/12/1 1:19,2020/12/1 1:44,1,15.8,1,N,132,256,3,43,0.5,0.5,0,0,0.3,44.3,0
1,2020/12/1 1:00,2020/12/1 1:08,1,2.2,1,N,41,238,1,9,2.5,0.5,2.45,0,0.3,14.75,2.5
1,2020/12/1 1:32,2020/12/1 1:37,1,1.3,1,N,236,74,1,6,2.5,0.5,2.3,0,0.3,11.6,2.5
1,2020/12/1 1:54,2020/12/1 2:16,1,10,1,N,141,61,2,30,2.5,0.5,0,0,0.3,33.3,2.5
2,2020/12/1 1:16,2020/12/1 1:23,2,2.19,1,N,137,48,2,8.5,0.5,0.5,0,0,0.3,12.3,2.5
2,2020/12/1 1:26,2020/12/1 1:48,2,9.23,1,N,48,49,2,27.5,0.5,0.5,0,0,0.3,31.3,2.5
2,2020/12/1 1:02,2020/12/1 1:09,1,2.42,1,N,107,230,2,8.5,0.5,0.5,0,0,0.3,12.3,2.5
2,2020/12/1 1:07,2020/12/1 1:21,1,5.89,1,N,132,38,2,18,0.5,0.5,0,0,0.3,19.3,0
2,2020/12/1 1:19,2020/12/1 1:46,1,20.84,1,N,132,46,2,55,0.5,0.5,0,6.12,0.3,62.42,0
2,2020/12/1 1:15,2020/12/1 1:25,2,2.02,1,N,237,143,1,9.5,0.5,0.5,2.66,0,0.3,15.96,2.5
2,2020/12/1 1:30,2020/12/1 1:37,1,1.6,1,N,142,237,2,7.5,0.5,0.5,0,0,0.3,11.3,2.5
1,2020/12/1 1:14,2020/12/1 1:41,0,12.6,1,N,132,217,2,36,0.5,0.5,0,0,0.3,37.3,0
2,2020/12/1 1:25,2020/12/1 1:44,1,8.33,1,N,132,86,2,25,0.5,0.5,0,0,0.3,26.3,0
1,2020/12/1 1:04,2020/12/1 1:12,1,1.9,1,N,261,66,1,8.5,3,0.5,3.05,0,0.3,15.35,2.5
2,2020/12/1 1:45,2020/12/1 2:02,1,4.34,1,N,140,226,2,16.5,0.5,0.5,0,0,0.3,20.3,2.5
2,2020/12/1 1:34,2020/12/1 1:56,2,6.52,1,N,100,42,1,21,0.5,0.5,1.08,0,0.3,25.88,2.5
1,2020/12/1 1:09,2020/12/1 1:46,1,21.6,2,N,132,127,1,52,0,0.5,8,6.12,0.3,66.92,0
2,2020/12/1 1:25,2020/12/1 2:08,1,6.8,1,N,186,42,2,32,0.5,0.5,0,0,0.3,35.8,2.5
2,2020/12/1 1:28,2020/12/1 2:15,1,14.74,5,N,68,76,2,57.2,0,0,0,0,0.3,60,2.5
2,2020/12/1 0:59,2020/12/1 1:03,1,1.84,1,N,237,100,2,7,0.5,0.5,0,0,0.3,10.8,2.5
2,2020/12/1 1:09,2020/12/1 1:19,1,3.6,1,N,162,226,2,12.5,0.5,0.5,0,0,0.3,16.3,2.5
2,2020/12/1 1:28,2020/12/1 1:30,1,0.71,1,N,186,48,2,4,0.5,0.5,0,0,0.3,7.8,2.5
2,2020/12/1 1:26,2020/12/1 1:30,1,1.23,1,N,68,163,1,6,0.5,0.5,1,0,0.3,10.8,2.5
2,2020/12/1 1:15,2020/12/1 1:18,2,0.52,1,N,68,68,1,4,0.5,0.5,3,0,0.3,10.8,2.5
2,2020/12/1 1:47,2020/12/1 2:14,1,7.77,1,N,186,61,1,25,0.5,0.5,0,0,0.3,28.8,2.5
2,2020/12/1 1:13,2020/12/1 1:25,2,4.05,1,N,236,116,2,13.5,0.5,0.5,0,0,0.3,17.3,2.5
2,2020/12/1 1:21,2020/12/1 1:45,1,11.19,1,N,186,14,1,31.5,0.5,0.5,8.82,0,0.3,44.12,2.5
2,2020/12/1 1:24,2020/12/1 1:30,1,1.73,1,N,142,238,1,7.5,0.5,0.5,2.26,0,0.3,13.56,2.5
2,2020/12/1 1:10,2020/12/1 1:22,1,4.52,1,N,263,114,2,14,0.5,0.5,0,0,0.3,17.8,2.5
2,2020/12/1 1:41,2020/12/1 2:11,5,11.9,1,N,231,244,1,36.5,0.5,0.5,2,0,0.3,42.3,2.5
1,2020/12/1 1:14,2020/12/1 1:30,1,2.1,1,N,25,195,2,12,0.5,0.5,0,0,0.3,13.3,0
2,2020/12/1 1:24,2020/12/1 1:28,2,1.08,1,N,231,125,2,5.5,0.5,0.5,0,0,0.3,9.3,2.5
2,2020/12/1 1:53,2020/12/1 2:15,1,9.46,1,N,88,166,2,29,0.5,0.5,0,0,0.3,32.8,2.5
2,2020/12/1 1:50,2020/12/1 1:54,1,0.65,1,N,68,246,1,5,0.5,0.5,0,0,0.3,8.8,2.5
1,2020/12/1 1:11,2020/12/1 1:20,1,2.6,1,N,162,142,1,10.5,3,0.5,1.5,0,0.3,15.8,2.5
1,2020/12/1 1:50,2020/12/1 1:57,1,2,1,N,161,263,1,8,3,0.5,2.35,0,0.3,14.15,2.5
2,2020/12/1 0:55,2020/12/1 1:10,5,3.98,1,N,48,4,1,14,0.5,0.5,2,0,0.3,19.8,2.5
2,2020/12/1 1:39,2020/12/1 2:01,5,9.43,1,N,48,95,1,28,0.5,0.5,6.36,0,0.3,38.16,2.5
2,2020/12/1 1:06,2020/12/1 1:09,1,0.75,1,N,230,48,2,4.5,0.5,0.5,0,0,0.3,8.3,2.5
2,2020/12/1 1:04,2020/12/1 1:09,6,0.85,1,N,144,148,2,5.5,0.5,0.5,0,0,0.3,9.3,2.5
2,2020/12/1 1:38,2020/12/1 1:43,6,2.15,1,N,233,236,1,8,0.5,0.5,1.28,0,0.3,13.08,2.5
2,2020/12/1 1:28,2020/12/1 1:52,5,12.69,1,N,229,89,1,35.5,0.5,0.5,9.82,0,0.3,49.12,2.5
1,2020/12/1 1:23,2020/12/1 1:38,1,4.2,1,N,186,263,1,15,3,0.5,3.75,0,0.3,22.55,2.5
1,2020/12/1 1:01,2020/12/1 1:14,1,4.4,1,Y,148,52,1,15.5,3,0.5,4.8,0,0.3,24.1,2.5
1,2020/12/1 1:15,2020/12/1 1:21,1,1.1,1,N,74,75,2,6.5,0.5,0.5,0,0,0.3,7.8,0
2,2020/12/1 1:25,2020/12/1 1:30,1,1.54,1,N,68,48,1,6.5,0.5,0.5,1,0,0.3,11.3,2.5
2,2020/12/1 1:04,2020/12/1 1:09,4,1.96,1,N,79,162,1,7.5,0.5,0.5,1,0,0.3,12.3,2.5
2,2020/12/1 1:17,2020/12/1 1:25,1,1.6,1,N,163,164,1,8,0.5,0.5,2,0,0.3,13.8,2.5
2,2020/12/1 1:09,2020/12/1 1:44,2,18.11,2,N,132,229,1,52,0,0.5,11.06,0,0.3,66.36,2.5
2,2020/12/1 1:04,2020/12/1 1:20,1,11.56,1,N,132,129,1,32.5,0.5,0.5,3,0,0.3,36.8,0
2,2020/12/1 1:26,2020/12/1 1:35,5,1.92,1,N,114,68,2,8.5,0.5,0.5,0,0,0.3,12.3,2.5
2,2020/12/1 1:55,2020/12/1 1:59,5,0.96,1,N,234,113,1,5.5,0.5,0.5,1.86,0,0.3,11.16,2.5
2,2020/12/1 1:07,2020/12/1 1:12,1,1.22,1,N,163,237,1,6.5,0.5,0.5,2,0,0.3,12.3,2.5
1,2020/12/1 1:07,2020/12/1 1:26,5,13.3,1,N,132,157,2,36.5,0.5,0.5,0,0,0.3,37.8,0
2,2020/12/1 1:56,2020/12/1 2:22,1,18.9,1,N,132,69,1,51,0.5,0.5,0,6.12,0.3,58.42,0
1,2020/12/1 1:29,2020/12/1 1:30,1,0,1,N,68,68,3,2.5,3,0.5,0,0,0.3,6.3,2.5
1,2020/12/1 1:30,2020/12/1 1:31,1,0,5,Y,68,68,2,0.01,0,0,0,0,0.3,0.31,0
1,2020/12/1 1:33,2020/12/1 1:35,1,0.3,5,N,100,186,1,35,0,0,0,0,0.3,35.3,0
2,2020/12/1 1:46,2020/12/1 2:24,3,5.48,1,N,116,167,1,25.5,0.5,0.5,23,0,0.3,49.8,0
2,2020/12/1 1:52,2020/12/1 1:57,1,0.93,1,N,100,50,1,5,0.5,0.5,1.76,0,0.3,10.56,2.5
1,2020/12/1 1:09,2020/12/1 1:42,4,20.5,2,N,132,249,1,52,2.5,0.5,12.25,6.12,0.3,73.67,2.5
2,2020/12/1 1:18,2020/12/1 1:22,2,0.63,1,N,166,166,2,5,0.5,0.5,0,0,0.3,6.3,0
1,2020/12/1 1:59,2020/12/1 2:15,0,4.8,1,N,231,143,1,17,3,0.5,1,0,0.3,21.8,2.5
2,2020/12/1 1:37,2020/12/1 1:41,1,0.67,1,N,48,100,1,5,0.5,0.5,5,0,0.3,13.8,2.5
1,2020/12/1 1:08,2020/12/1 1:16,1,1.4,1,N,170,50,2,8,3,0.5,0,0,0.3,11.8,2.5
2,2020/12/1 1:03,2020/12/1 1:10,1,1.01,1,N,161,186,1,6.5,0.5,0.5,2.06,0,0.3,12.36,2.5
2,2020/12/1 1:28,2020/12/1 1:28,1,0.01,1,N,230,230,4,2.5,0.5,0.5,0,0,0.3,6.3,2.5
2,2020/12/1 1:28,2020/12/1 1:28,1,0.01,1,N,230,163,2,2.5,0.5,0.5,0,0,0.3,6.3,2.5
2,2020/12/1 1:44,2020/12/1 1:55,1,2.63,1,N,239,41,4,11,0.5,0.5,0,0,0.3,14.8,2.5
2,2020/12/1 1:44,2020/12/1 1:55,1,2.63,1,N,239,41,2,11,0.5,0.5,0,0,0.3,14.8,2.5
2,2020/12/1 1:58,2020/12/1 2:21,1,17.76,2,N,41,132,1,52,0,0.5,1,6.12,0.3,59.92,0
2,2020/12/1 1:45,2020/12/1 1:51,1,1.91,1,N,262,74,2,7.5,0.5,0.5,0,0,0.3,11.3,2.5
2,2020/12/1 1:48,2020/12/1 1:57,2,3.78,1,N,138,129,2,13,0.5,0.5,0,0,0.3,14.3,0
1,2020/12/1 1:07,2020/12/1 1:17,2,3.9,1,N,261,68,1,13,3,0.5,0,0,0.3,16.8,2.5
2,2020/12/7 15:23,2020/12/7 15:47,1,3.2,1,N,186,79,1,16,0.5,0.5,3.96,0,0.3,23.76,2.5
2,2020/12/7 15:57,2020/12/7 16:03,1,0.9,1,N,107,137,1,6,0.5,0.5,1.96,0,0.3,11.76,2.5
2,2020/12/1 1:34,2020/12/1 2:13,1,22.28,1,N,42,39,1,61.5,0.5,0.5,2.75,6.12,0.3,71.67,0
2,2020/12/1 1:51,2020/12/1 2:15,1,20.6,2,N,132,140,1,52,0,0.5,2.58,6.12,0.3,64,2.5
1,2020/12/1 1:00,2020/12/1 1:31,1,21.2,1,N,132,195,1,56,0.5,0.5,6,0,0.3,63.3,0
2,2020/12/1 1:18,2020/12/1 1:30,1,5.46,1,N,75,50,1,17,0.5,0.5,4.16,0,0.3,24.96,2.5
2,2020/12/1 1:14,2020/12/1 1:29,1,7.67,1,N,48,243,1,23.5,0.5,0.5,0,0,0.3,27.3,2.5
1,2020/12/1 1:55,2020/12/1 2:25,1,15.4,1,N,48,10,1,42.5,3,0.5,0,0,0.3,46.3,2.5
1,2020/12/1 1:13,2020/12/1 1:19,1,1.3,1,N,170,234,1,6.5,3,0.5,6.58,0,0.3,16.88,2.5
2,2020/12/1 1:27,2020/12/1 1:30,2,0.45,1,N,107,137,2,4,0.5,0.5,0,0,0.3,7.8,2.5
2,2020/12/1 1:34,2020/12/1 1:37,1,0.63,1,N,68,186,1,4.5,0.5,0.5,1.68,0,0.3,9.98,2.5
2,2020/12/1 1:14,2020/12/1 1:38,1,13.08,1,N,132,70,2,36.5,0.5,0.5,0,0,0.3,37.8,0
2,2020/12/1 1:10,2020/12/1 1:20,1,2.43,1,N,41,69,1,10.5,0.5,0.5,2.5,0,0.3,14.3,0
2,2020/12/1 1:04,2020/12/1 1:13,1,2.4,1,N,74,151,2,9.5,0.5,0.5,0,0,0.3,10.8,0
2,2020/12/1 1:34,2020/12/1 2:06,1,20.23,1,N,132,223,2,55.5,0.5,0.5,0,0,0.3,56.8,0
1,2020/12/1 1:19,2020/12/1 1:43,4,17.7,2,N,132,233,2,52,2.5,0.5,0,6.12,0.3,61.42,2.5
2,2020/12/1 1:26,2020/12/1 1:30,1,0.7,1,N,48,50,1,5,0.5,0.5,0.75,0,0.3,9.55,2.5
1,2020/12/1 2:51,2020/12/1 3:13,1,6,1,N,75,94,2,21,0.5,0.5,0,0,0.3,22.3,0
2,2020/12/1 2:08,2020/12/1 2:42,1,11.6,1,N,132,188,2,37,0.5,0.5,0,0,0.3,38.3,0
2,2020/12/1 2:07,2020/12/1 2:16,1,1.83,1,N,234,144,2,8.5,0.5,0.5,0,0,0.3,12.3,2.5
2,2020/12/1 2:07,2020/12/1 2:11,1,0.7,1,N,48,48,2,4.5,0.5,0.5,0,0,0.3,8.3,2.5
2,2020/12/1 2:18,2020/12/1 2:51,1,7.74,1,N,48,173,2,27.5,0.5,0.5,0,0,0.3,31.3,2.5
2,2020/12/1 2:12,2020/12/1 2:32,4,8.42,1,N,263,255,2,25,0.5,0.5,0,0,0.3,28.8,2.5
2,2020/12/1 2:56,2020/12/1 3:09,1,6.26,1,N,132,180,1,19,0.5,0.5,4.06,0,0.3,24.36,0
2,2020/12/1 2:00,2020/12/1 2:17,1,12.37,1,N,132,70,1,34.5,0.5,0.5,17.9,0,0.3,53.7,0
1,2020/12/1 2:22,2020/12/1 2:24,2,0.4,1,N,263,236,1,3.5,3,0.5,1,0,0.3,8.3,2.5
2,2020/12/1 2:03,2020/12/1 2:14,1,3.09,1,N,166,244,2,11.5,0.5,0.5,0,0,0.3,12.8,0
2,2020/12/1 2:46,2020/12/1 2:55,1,2.63,1,N,186,143,1,9.5,0.5,0.5,1,0,0.3,14.3,2.5
2,2020/12/1 2:55,2020/12/1 3:01,1,1.19,1,N,68,170,1,7,0.5,0.5,2.16,0,0.3,12.96,2.5
1,2020/12/1 2:05,2020/12/1 2:18,2,5.1,1,N,113,75,2,15.5,3,0.5,0,0,0.3,19.3,2.5
1,2020/12/1 2:19,2020/12/1 2:23,1,1.2,1,N,75,41,3,6,0.5,0.5,0,0,0.3,7.3,0
1,2020/12/1 2:34,2020/12/1 2:35,1,0.3,1,N,41,75,3,3.5,0.5,0.5,0,0,0.3,4.8,0
1,2020/12/1 2:42,2020/12/1 2:49,1,2.7,1,N,263,170,1,9.5,3,0.5,3.95,0,0.3,17.25,2.5
1,2020/12/1 2:16,2020/12/1 2:20,1,1,1,N,186,230,2,5.5,3,0.5,0,0,0.3,9.3,2.5
2,2020/12/1 2:00,2020/12/1 2:09,1,3.44,1,N,132,216,2,12,0.5,0.5,0,0,0.3,13.3,0
1,2020/12/1 2:00,2020/12/1 2:31,1,23.5,1,N,132,257,1,62,0.5,0.5,18.95,0,0.3,82.25,0
2,2020/12/1 2:33,2020/12/1 2:53,1,8.5,1,N,132,131,2,25.5,0.5,0.5,0,0,0.3,26.8,0
2,2020/12/1 1:50,2020/12/1 2:00,1,3.4,1,N,113,66,2,12,0.5,0.5,0,0,0.3,15.8,2.5
2,2020/12/1 2:54,2020/12/1 2:58,1,1.02,1,N,41,74,1,5,0.5,0.5,1.26,0,0.3,7.56,0
2,2020/12/1 2:12,2020/12/1 2:20,3,3.21,1,N,186,261,2,10.5,0.5,0.5,0,0,0.3,14.3,2.5
1,2020/12/1 2:17,2020/12/1 2:21,1,1.1,1,N,229,141,2,5,3,0.5,0,0,0.3,8.8,2.5
2,2020/12/1 2:22,2020/12/1 2:23,1,0.12,5,N,69,69,3,6,0,0.5,0,0,0.3,6.8,0
2,2020/12/1 2:22,2020/12/1 2:23,1,0.12,5,N,69,69,2,6,0,0.5,0,0,0.3,6.8,0
2,2020/12/1 1:56,2020/12/1 2:25,1,5.32,1,N,48,152,2,21.5,0.5,0.5,0,0,0.3,25.3,2.5
2,2020/12/1 2:18,2020/12/1 2:19,1,0,5,N,130,130,2,10,0,0.5,0,0,0.3,10.8,0
1,2020/12/1 2:34,2020/12/1 2:52,1,0,1,N,47,151,1,26.2,0,0.5,0,0,0.3,27,0
2,2020/12/1 2:51,2020/12/1 2:54,1,0.92,1,N,48,246,2,4.5,0.5,0.5,0,0,0.3,8.3,2.5
2,2020/12/1 2:09,2020/12/1 2:19,1,6.31,1,N,143,244,1,18.5,0.5,0.5,3.38,0,0.3,25.68,2.5
1,2020/12/1 2:57,2020/12/1 2:59,1,0.9,1,N,75,263,2,4.5,3,0.5,0,0,0.3,8.3,2.5
2,2020/12/1 2:03,2020/12/1 2:41,1,23.76,1,N,10,254,1,65,0.5,0.5,2.75,6.12,0.3,75.17,0
1,2020/12/1 2:00,2020/12/1 2:34,1,14.8,1,N,162,149,2,43,3,0.5,0,0,0.3,46.8,2.5
2,2020/12/1 2:54,2020/12/1 3:11,2,8.93,1,N,132,77,1,25.5,0.5,0.5,0,0,0.3,26.8,0
2,2020/12/1 2:04,2020/12/1 2:11,1,1.52,1,N,48,162,2,7,0.5,0.5,0,0,0.3,10.8,2.5
2,2020/12/1 2:19,2020/12/1 2:21,1,0.78,1,N,233,141,1,4,0.5,0.5,1.56,0,0.3,9.36,2.5
1,2020/12/1 2:38,2020/12/1 3:02,1,8.6,1,N,234,37,1,27,3,0.5,9.2,0,0.3,40,2.5
2,2020/12/1 2:53,2020/12/1 3:02,1,3.49,1,N,230,238,1,12.5,0.5,0.5,1.63,0,0.3,17.93,2.5
2,2020/12/1 2:47,2020/12/1 2:51,1,1.08,1,N,48,163,2,5.5,0.5,0.5,0,0,0.3,9.3,2.5
1,2020/12/1 2:52,2020/12/1 3:09,1,5.2,1,N,186,256,1,18,3,0.5,4.35,0,0.3,26.15,2.5
1,2020/12/1 2:23,2020/12/1 2:32,1,2.4,1,N,162,262,1,9.5,3,0.5,0.5,0,0.3,13.8,2.5
2,2020/12/1 2:25,2020/12/1 2:28,5,0.7,1,N,141,141,2,4,0.5,0.5,0,0,0.3,7.8,2.5
2,2020/12/1 2:37,2020/12/1 2:54,5,9.03,1,N,141,25,2,26,0.5,0.5,0,0,0.3,29.8,2.5
2,2020/12/1 1:56,2020/12/1 2:18,4,13.03,1,N,164,67,2,36.5,0.5,0.5,0,0,0.3,40.3,2.5
2,2020/12/1 2:46,2020/12/1 2:52,1,1.8,1,N,164,113,1,7.5,0.5,0.5,2.26,0,0.3,13.56,2.5
1,2020/12/1 2:01,2020/12/1 2:28,1,7.2,1,N,249,198,4,24.5,3,0.5,0,0,0.3,28.3,2.5
1,2020/12/1 2:22,2020/12/1 2:32,1,3.5,1,N,140,168,2,11.5,3,0.5,0,0,0.3,15.3,2.5
1,2020/12/1 2:56,2020/12/1 2:59,1,0.3,1,N,140,141,2,3.5,3,0.5,0,0,0.3,7.3,2.5
1,2020/12/1 2:29,2020/12/1 2:42,1,2.7,1,N,61,181,2,11.5,0,0.5,0,0,0.3,12.3,0
2,2020/12/1 2:12,2020/12/1 2:28,1,9.39,1,N,132,39,1,27,0.5,0.5,5.66,0,0.3,33.96,0
2,2020/12/1 2:13,2020/12/1 2:15,3,0.85,1,N,246,246,2,4.5,0.5,0.5,0,0,0.3,8.3,2.5
2,2020/12/1 2:38,2020/12/1 2:54,3,5.91,1,N,107,260,1,18.5,0.5,0.5,6.69,0,0.3,28.99,2.5
1,2020/12/1 2:23,2020/12/1 2:27,1,0.9,1,Y,100,48,2,5,3,0.5,0,0,0.3,8.8,2.5
1,2020/12/1 2:56,2020/12/1 3:24,1,9.5,1,N,164,94,2,28.5,3,0.5,0,0,0.3,32.3,2.5
2,2020/12/1 2:33,2020/12/1 2:41,6,1.63,1,N,238,263,2,8,0.5,0.5,0,0,0.3,11.8,2.5
1,2020/12/1 2:51,2020/12/1 3:03,1,4.6,1,N,68,75,2,14.5,3,0.5,0,0,0.3,18.3,2.5
2,2020/12/1 2:16,2020/12/1 2:44,1,4.03,1,N,230,263,2,18.5,0.5,0.5,0,0,0.3,22.3,2.5
2,2020/12/1 2:06,2020/12/1 2:14,2,1.68,1,N,107,45,2,8.5,0.5,0.5,0,0,0.3,12.3,2.5
2,2020/12/1 2:26,2020/12/1 2:32,1,1.69,1,N,161,43,2,7.5,0.5,0.5,0,0,0.3,11.3,2.5
2,2020/12/1 2:55,2020/12/1 3:05,3,2.32,1,N,234,148,1,9.5,0.5,0.5,2.66,0,0.3,15.96,2.5
2,2020/12/1 2:52,2020/12/1 3:05,1,4.9,1,N,261,48,2,16,0.5,0.5,0,0,0.3,19.8,2.5
2,2020/12/1 2:06,2020/12/1 2:36,1,16.52,1,N,186,76,2,46,0.5,0.5,0,6.12,0.3,55.92,2.5
2,2020/12/1 2:22,2020/12/1 2:33,6,6.2,1,N,229,12,1,18,0.5,0.5,5.45,0,0.3,27.25,2.5
2,2020/12/1 2:47,2020/12/1 3:10,1,13.26,1,N,107,171,2,37.5,0.5,0.5,0,0,0.3,41.3,2.5
1,2020/12/1 2:51,2020/12/1 3:09,1,6,1,N,79,238,2,19,3,0.5,0,0,0.3,22.8,2.5
2,2020/12/1 2:08,2020/12/1 2:38,1,17.77,2,N,132,141,2,52,0,0.5,0,0,0.3,55.3,2.5
2,2020/12/1 2:15,2020/12/1 2:20,1,1.61,1,N,263,229,1,6.5,0.5,0.5,2.06,0,0.3,12.36,2.5
2,2020/12/1 2:11,2020/12/1 2:15,1,0.81,1,N,68,90,1,4.5,0.5,0.5,0,0,0.3,8.3,2.5
1,2020/12/1 2:38,2020/12/1 3:10,2,21.9,1,N,132,181,2,58.5,0.5,0.5,0,0,0.3,59.8,0
2,2020/12/1 2:07,2020/12/1 2:07,4,0,5,N,28,28,1,30,0,0,0,0,0.3,30.3,0
2,2020/12/1 2:13,2020/12/1 2:18,1,0.62,1,N,28,134,2,5,0.5,0.5,0,0,0.3,6.3,0
2,2020/12/1 2:08,2020/12/1 2:17,5,2.27,1,N,229,142,2,9.5,0.5,0.5,0,0,0.3,13.3,2.5
1,2020/12/1 2:01,2020/12/1 2:16,1,10.3,1,N,132,121,1,28.5,0.5,0.5,0,0,0.3,29.8,0
2,2020/12/1 2:14,2020/12/1 2:19,1,2.24,1,N,140,74,1,8,0.5,0.5,2.36,0,0.3,14.16,2.5
2,2020/12/1 2:53,2020/12/1 3:04,1,3.8,1,N,88,186,1,12.5,0.5,0.5,0,0,0.3,16.3,2.5
2,2020/12/1 2:05,2020/12/1 2:14,1,3.14,1,N,163,193,2,11,0.5,0.5,0,0,0.3,14.8,2.5
2,2020/12/1 2:24,2020/12/1 2:28,1,0.86,1,N,140,229,2,5,0.5,0.5,0,0,0.3,8.8,2.5
1,2020/12/1 2:27,2020/12/1 2:44,1,7.2,1,N,161,244,2,22,3,0.5,0,0,0.3,25.8,2.5
1,2020/12/1 2:55,2020/12/1 2:58,2,0.8,1,N,166,24,2,5,0.5,0.5,0,0,0.3,6.3,0
1,2020/12/1 2:02,2020/12/1 2:28,1,9.3,1,N,162,62,1,30,3,0.5,5,0,0.3,38.8,2.5
1,2020/12/1 2:29,2020/12/1 2:34,1,1.1,1,N,48,143,2,5.5,3,0.5,0,0,0.3,9.3,2.5
2,2020/12/1 2:27,2020/12/1 2:27,1,0,5,N,100,100,1,20,0,0,1,0,0.3,23.8,2.5
2,2020/12/7 16:16,2020/12/7 16:22,1,0.9,1,N,237,237,1,5.5,0.5,0.5,0.93,0,0.3,10.23,2.5
2,2020/12/7 16:52,2020/12/7 17:06,1,1.8,1,N,162,246,1,10.5,0.5,0.5,2.86,0,0.3,17.16,2.5
2,2020/12/1 2:31,2020/12/1 3:14,2,20.64,1,N,39,42,1,56.5,0.5,0.5,2.75,6.12,0.3,66.67,0
2,2020/12/1 2:15,2020/12/1 2:25,1,2.82,1,N,230,238,1,11.5,0.5,0.5,3.06,0,0.3,18.36,2.5
1,2020/12/1 2:28,2020/12/1 2:37,1,1.4,1,N,10,215,2,8.5,0.5,0.5,0,0,0.3,9.8,0
2,2020/12/1 2:07,2020/12/1 2:11,1,1.07,1,N,42,42,1,5.5,0.5,0.5,0,0,0.3,6.8,0
2,2020/12/1 2:16,2020/12/1 2:19,1,1.04,1,N,68,50,1,5.5,0.5,0.5,2.79,0,0.3,12.09,2.5
2,2020/12/1 2:49,2020/12/1 2:55,1,1.39,1,N,186,161,2,7,0.5,0.5,0,0,0.3,10.8,2.5
2,2020/12/1 2:56,2020/12/1 3:03,1,2.32,1,N,161,236,1,8.5,0.5,0.5,0,0,0.3,12.3,2.5
2,2020/12/1 2:09,2020/12/2 0:00,1,4.68,1,N,132,10,1,15,0.5,0.5,0,0,0.3,16.3,0
2,2020/12/1 3:28,2020/12/1 3:44,1,8.71,1,N,132,39,1,25,0.5,0.5,2,0,0.3,28.3,0
1,2020/12/1 3:58,2020/12/1 4:14,3,5.1,1,N,75,68,2,16.5,3,0.5,0,0,0.3,20.3,2.5
2,2020/12/1 3:58,2020/12/1 4:01,1,0.6,1,N,186,90,1,4.5,0.5,0.5,1,0,0.3,9.3,2.5
2,2020/12/1 3:06,2020/12/1 3:23,1,6.96,1,N,132,130,2,22,0.5,0.5,0,0,0.3,23.3,0
2,2020/12/1 3:33,2020/12/1 3:47,1,3.24,1,N,141,24,1,12.5,0.5,0.5,0,0,0.3,16.3,2.5
2,2020/12/1 3:39,2020/12/1 3:57,1,4.44,1,N,152,247,2,16.5,0.5,0.5,0,0,0.3,17.8,0
2,2020/12/1 3:14,2020/12/1 3:22,1,1.64,1,N,68,137,2,8,0.5,0.5,0,0,0.3,11.8,2.5
1,2020/12/1 3:47,2020/12/1 4:00,1,3.5,1,N,186,262,2,13,3,0.5,0,0,0.3,16.8,2.5
2,2020/12/1 3:57,2020/12/1 3:58,2,0.19,1,N,263,263,1,3,0.5,0.5,1.36,0,0.3,8.16,2.5
2,2020/12/1 3:22,2020/12/1 3:43,1,5.9,1,N,170,83,2,20.5,0.5,0.5,0,0,0.3,24.3,2.5
2,2020/12/1 3:10,2020/12/1 3:13,1,0.4,1,N,49,49,2,4.5,0.5,0.5,0,0,0.3,5.8,0
2,2020/12/1 3:29,2020/12/1 3:53,1,10.22,1,N,132,72,2,31.5,0.5,0.5,0,0,0.3,32.8,0
2,2020/12/1 3:05,2020/12/1 3:10,4,2.21,1,N,229,79,2,8,0.5,0.5,0,0,0.3,11.8,2.5
2,2020/12/1 2:57,2020/12/1 3:15,1,4.53,1,N,151,68,2,17,0.5,0.5,0,0,0.3,20.8,2.5
2,2020/12/1 3:16,2020/12/1 3:21,1,1.56,1,N,116,244,2,6.5,0.5,0.5,0,0,0.3,7.8,0
2,2020/12/1 3:24,2020/12/1 3:38,1,3.2,1,N,244,41,2,13,0.5,0.5,0,0,0.3,14.3,0
2,2020/12/1 3:08,2020/12/1 3:48,1,7.7,1,N,249,239,1,32,0.5,0.5,3,0,0.3,38.8,2.5
1,2020/12/1 3:02,2020/12/1 3:32,1,11.4,1,N,132,188,2,35.5,0.5,0.5,0,0,0.3,36.8,0
1,2020/12/1 3:45,2020/12/1 3:53,1,2.2,1,N,166,244,1,8.5,0.5,0.5,0,0,0.3,9.8,0
1,2020/12/1 3:12,2020/12/1 3:12,1,14.8,2,N,89,89,3,52,0,0.5,0,0,0.3,52.8,0
1,2020/12/1 3:16,2020/12/1 3:16,1,14.8,3,N,89,89,3,20,0.5,0,0,0,0.3,20.8,0
1,2020/12/1 3:37,2020/12/1 3:50,1,5.1,1,N,263,232,1,16,3,0.5,3.95,0,0.3,23.75,2.5
1,2020/12/1 3:58,2020/12/1 3:59,4,5.1,1,N,148,148,3,2.5,3,0.5,0,0,0.3,6.3,2.5
2,2020/12/1 3:23,2020/12/1 3:42,1,9.55,1,N,132,130,1,28,0.5,0.5,5.86,0,0.3,35.16,0
2,2020/12/1 3:25,2020/12/1 3:37,1,5.69,1,N,132,197,2,17.5,0.5,0.5,0,0,0.3,18.8,0
1,2020/12/1 3:51,2020/12/1 3:58,1,1.5,1,N,137,107,2,7,3,0.5,0,0,0.3,10.8,2.5
2,2020/12/1 3:59,2020/12/1 4:03,1,1.36,1,N,90,230,2,5.5,0.5,0.5,0,0,0.3,9.3,2.5
2,2020/12/1 3:15,2020/12/1 3:22,2,1.28,1,N,186,233,2,7,0.5,0.5,0,0,0.3,10.8,2.5
2,2020/12/1 3:15,2020/12/1 3:21,1,1.02,1,N,186,246,2,6.5,0.5,0.5,0,0,0.3,10.3,2.5
1,2020/12/1 3:50,2020/12/1 4:04,2,3,1,N,238,116,1,13,3,0.5,0,0,0.3,16.8,2.5
2,2020/12/1 3:34,2020/12/1 4:01,2,11.46,1,N,68,167,2,33.5,0.5,0.5,0,0,0.3,37.3,2.5
2,2020/12/1 3:37,2020/12/1 3:50,1,7.61,1,N,132,76,2,21.5,0.5,0.5,0,0,0.3,22.8,0
2,2020/12/1 3:52,2020/12/1 3:58,1,1.5,1,N,170,68,1,7,0.5,0.5,1,0,0.3,11.8,2.5
1,2020/12/1 3:01,2020/12/1 3:20,1,7.9,1,N,186,244,1,25,3,0.5,1,0,0.3,29.8,2.5
1,2020/12/1 3:28,2020/12/1 3:36,1,2.5,1,N,166,143,2,9.5,3,0.5,0,0,0.3,13.3,2.5
2,2020/12/1 3:23,2020/12/1 3:36,1,4.46,1,N,186,226,1,14.5,0.5,0.5,3.66,0,0.3,21.96,2.5
2,2020/12/1 3:39,2020/12/1 3:53,1,9.73,1,N,132,39,2,27,0.5,0.5,0,0,0.3,28.3,0
1,2020/12/1 3:36,2020/12/1 4:05,4,16.2,1,N,132,89,2,44,0.5,0.5,0,0,0.3,45.3,0
2,2020/12/1 3:35,2020/12/1 3:49,1,6.39,1,N,132,130,2,20.5,0.5,0.5,0,0,0.3,21.8,0
1,2020/12/1 3:05,2020/12/1 3:12,1,3.1,1,N,68,239,1,10.5,3,0.5,2.85,0,0.3,17.15,2.5
2,2020/12/1 3:06,2020/12/1 3:09,1,1.39,1,N,90,230,2,6,0.5,0.5,0,0,0.3,9.8,2.5
2,2020/12/1 3:40,2020/12/1 3:51,1,4.05,1,N,132,10,2,13.5,0.5,0.5,0,0,0.3,14.8,0
2,2020/12/7 17:42,2020/12/7 18:08,1,7.11,1,N,68,244,1,24,0.5,0.5,2,0,0.3,29.8,2.5
2,2020/12/1 12:32,2020/12/1 12:45,1,1.46,1,N,142,142,1,9.5,0.5,0.5,5,0,0.3,18.3,2.5
2,2020/12/1 3:28,2020/12/1 3:54,1,15.76,4,N,132,117,1,43.5,0.5,0.5,8.96,0,0.3,53.76,0
1,2020/12/1 3:25,2020/12/1 3:40,1,6.8,1,N,132,197,2,20.5,0.5,0.5,0,0,0.3,21.8,0
2,2020/12/1 3:02,2020/12/1 3:18,1,4.39,1,N,48,232,2,16,0.5,0.5,0,0,0.3,19.8,2.5
1,2020/12/1 4:41,2020/12/1 4:43,1,0.1,1,N,48,50,2,2.5,3,0.5,0,0,0.3,6.3,2.5
2,2020/12/1 4:21,2020/12/1 4:27,1,1.37,1,N,186,161,1,6.5,0.5,0.5,5,0,0.3,15.3,2.5
1,2020/12/1 4:54,2020/12/1 5:08,1,4.2,1,N,151,162,1,14.5,3,0.5,5.45,0,0.3,23.75,2.5
1,2020/12/1 4:14,2020/12/1 4:35,1,6,1,N,186,42,2,21,3,0.5,0,0,0.3,24.8,2.5
1,2020/12/1 4:52,2020/12/1 4:53,1,0,1,N,79,79,2,2.5,3,0.5,0,0,0.3,6.3,2.5
1,2020/12/1 4:56,2020/12/1 5:16,1,13.8,1,N,132,129,2,38,0.5,0.5,0,0,0.3,39.3,0
2,2020/12/1 4:06,2020/12/1 4:29,1,12.53,1,N,186,173,2,35.5,0.5,0.5,0,0,0.3,39.3,2.5
1,2020/12/1 4:49,2020/12/1 4:52,0,0.9,1,N,186,249,1,4.5,3,0.5,2.05,0,0.3,10.35,2.5
1,2020/12/1 4:53,2020/12/1 4:58,1,2.3,1,N,141,145,2,8,3,0.5,0,0,0.3,11.8,2.5
1,2020/12/1 4:53,2020/12/1 4:56,1,0.6,1,N,107,79,2,4.5,3,0.5,0,0,0.3,8.3,2.5
2,2020/12/1 4:21,2020/12/1 4:39,2,5.67,1,N,79,238,1,19,0.5,0.5,2,0,0.3,24.8,2.5
2,2020/12/1 4:49,2020/12/1 4:54,6,0.98,1,N,186,161,1,5.5,0.5,0.5,1.86,0,0.3,11.16,2.5
1,2020/12/1 4:55,2020/12/1 5:03,1,1.9,1,N,236,239,1,8.5,3,0.5,2.45,0,0.3,14.75,2.5
2,2020/12/1 4:25,2020/12/1 4:50,1,12.71,1,N,161,67,1,37,0.5,0.5,5,0,0.3,45.8,2.5
1,2020/12/1 4:13,2020/12/1 4:29,1,2.8,1,N,164,148,2,13,3,0.5,0,0,0.3,16.8,2.5
2,2020/12/1 4:53,2020/12/1 4:56,1,0.74,1,N,100,230,1,4.5,0.5,0.5,0,0,0.3,8.3,2.5
2,2020/12/1 4:29,2020/12/1 4:59,1,16.72,1,N,38,137,1,46.5,0.5,0.5,2.75,6.12,0.3,56.67,0
1,2020/12/1 4:17,2020/12/1 4:30,1,4.2,1,N,140,166,1,14,3,0.5,4.45,0,0.3,22.25,2.5
1,2020/12/1 4:48,2020/12/1 4:54,1,1.6,1,N,186,142,1,7.5,3,0.5,3.35,0,0.3,14.65,2.5
2,2020/12/1 4:50,2020/12/1 4:55,1,1.86,1,N,48,238,1,7.5,0.5,0.5,2.83,0,0.3,14.13,2.5
1,2020/12/1 4:33,2020/12/1 4:38,1,1.3,1,N,233,141,1,6.5,2.5,0.5,1.95,0,0.3,11.75,2.5
1,2020/12/1 4:57,2020/12/1 5:04,1,1.9,1,N,262,229,1,8.5,2.5,0.5,2.35,0,0.3,14.15,2.5
2,2020/12/1 4:28,2020/12/1 4:32,1,0.86,1,N,229,237,1,5,0.5,0.5,2.64,0,0.3,11.44,2.5
2,2020/12/1 4:33,2020/12/1 4:43,1,5.85,1,N,132,180,2,17.5,0.5,0.5,0,0,0.3,18.8,0
2,2020/12/1 4:49,2020/12/1 4:59,1,4.69,1,N,146,138,2,15,0.5,0.5,0,0,0.3,16.3,0
1,2020/12/1 4:41,2020/12/1 4:52,2,2,1,N,143,140,1,10,3,0.5,2.75,0,0.3,16.55,2.5
2,2020/12/1 4:40,2020/12/1 4:44,1,1.24,1,N,107,186,1,6,0.5,0.5,1.47,0,0.3,11.27,2.5
2,2020/12/1 4:47,2020/12/1 5:04,1,6.34,1,N,164,112,2,20,0.5,0.5,0,0,0.3,23.8,2.5
1,2020/12/1 4:22,2020/12/1 4:44,1,11.8,1,N,231,147,2,34,3,0.5,0,0,0.3,37.8,2.5
2,2020/12/1 4:11,2020/12/1 4:18,6,1.54,1,N,186,79,2,7.5,0.5,0.5,0,0,0.3,11.3,2.5
2,2020/12/1 4:51,2020/12/1 4:54,6,1.21,1,N,186,107,1,5.5,0.5,0.5,1.86,0,0.3,11.16,2.5
2,2020/12/1 4:20,2020/12/1 4:29,1,3.18,1,N,186,261,1,10.5,0.5,0.5,4.29,0,0.3,18.59,2.5
2,2020/12/1 4:40,2020/12/1 4:45,1,0.93,1,N,186,107,2,5.5,0.5,0.5,0,0,0.3,9.3,2.5
2,2020/12/1 4:34,2020/12/1 4:36,1,0.4,1,N,238,151,2,3.5,0.5,0.5,0,0,0.3,4.8,0
1,2020/12/1 4:52,2020/12/1 4:56,2,1.7,1,N,186,125,1,6.5,3,0.5,1.11,0,0.3,11.41,2.5
1,2020/12/1 4:03,2020/12/1 4:13,1,2.1,1,N,79,88,2,9.5,3,0.5,0,0,0.3,13.3,2.5
2,2020/12/1 4:29,2020/12/1 4:31,1,0.63,1,N,141,141,2,4,0.5,0.5,0,0,0.3,7.8,2.5
2,2020/12/1 4:55,2020/12/1 5:00,1,1.77,1,N,236,163,1,7,0.5,0.5,2.16,0,0.3,12.96,2.5
2,2020/12/1 4:28,2020/12/1 4:57,1,19.88,1,N,132,119,2,53,0.5,0.5,0,6.12,0.3,60.42,0
1,2020/12/1 4:31,2020/12/1 4:40,0,1.9,1,N,229,186,1,8.5,3,0.5,3.05,0,0.3,15.35,2.5
2,2020/12/1 4:42,2020/12/1 4:53,1,3.15,1,N,168,119,2,12,0.5,0.5,0,0,0.3,13.3,0
2,2020/12/1 4:47,2020/12/1 4:49,1,1.3,1,N,186,48,1,5.5,0.5,0.5,0,0,0.3,9.3,2.5
2,2020/12/1 3:59,2020/12/1 4:03,1,1.36,1,N,90,48,4,5.5,0.5,0.5,0,0,0.3,9.3,2.5
2,2020/12/1 4:28,2020/12/1 4:39,1,3.76,1,N,50,75,1,13,0.5,0.5,5.04,0,0.3,21.84,2.5
2,2020/12/1 4:20,2020/12/1 4:25,2,1.47,1,N,186,163,1,6.5,0.5,0.5,2.06,0,0.3,12.36,2.5
1,2020/12/1 4:32,2020/12/1 4:45,1,4,1,N,50,13,2,14,3,0.5,0,0,0.3,17.8,2.5
2,2020/12/1 4:39,2020/12/1 4:44,2,1.71,1,N,48,249,1,6.5,0.5,0.5,2.06,0,0.3,12.36,2.5
2,2020/12/1 4:22,2020/12/1 4:26,1,1.5,1,N,237,161,2,6.5,0.5,0.5,0,0,0.3,10.3,2.5
2,2020/12/1 4:32,2020/12/1 4:37,1,0.81,1,N,164,233,1,5,0.5,0.5,4,0,0.3,12.8,2.5
2,2020/12/1 4:46,2020/12/1 4:57,1,2.99,1,N,74,140,1,21.16,0.5,0.5,2.75,0,0.3,25.21,0
2,2020/12/1 4:54,2020/12/1 5:15,1,6.83,1,N,107,223,2,22,0.5,0.5,0,0,0.3,25.8,2.5
2,2020/12/1 4:47,2020/12/1 4:53,1,1.37,1,N,186,161,1,6,0.5,0.5,2.45,0,0.3,12.25,2.5
2,2020/12/1 4:19,2020/12/1 4:28,1,2.52,1,N,186,211,1,9,0.5,0.5,5,0,0.3,17.8,2.5
2,2020/12/1 4:51,2020/12/1 4:59,1,1.3,1,N,68,246,1,7.5,0.5,0.5,2.26,0,0.3,13.56,2.5
2,2020/12/1 4:06,2020/12/1 4:08,1,0,5,N,197,197,2,44.7,0,0,0,0,0.3,45,0
2,2020/12/1 4:45,2020/12/1 4:56,1,3.25,1,N,230,236,2,12,0.5,0.5,0,0,0.3,15.8,2.5
2,2020/12/1 4:43,2020/12/1 4:57,1,9.26,1,N,100,169,2,26,0.5,0.5,0,0,0.3,29.8,2.5
2,2020/12/1 4:30,2020/12/1 4:40,2,3.79,1,N,79,263,1,12,0.5,0.5,1,0,0.3,16.8,2.5
2,2020/12/1 4:29,2020/12/1 4:34,1,1.49,1,N,224,233,1,6.5,0.5,0.5,10,0,0.3,20.3,2.5
2,2020/12/1 4:41,2020/12/1 4:55,1,9.27,1,N,233,127,1,27,0.5,0.5,7.7,0,0.3,38.5,2.5
2,2020/12/1 4:09,2020/12/1 4:32,5,9.29,1,N,141,173,2,27.5,0.5,0.5,0,0,0.3,31.3,2.5
1,2020/12/1 4:12,2020/12/1 4:14,1,0,1,N,238,238,2,3,3,0.5,0,0,0.3,6.8,2.5
1,2020/12/1 4:44,2020/12/1 5:00,1,3.5,1,N,159,236,2,14.5,3,0.5,0,0,0.3,18.3,2.5
2,2020/12/1 4:41,2020/12/1 4:45,1,0.97,1,N,262,236,1,5,0.5,0.5,2.64,0,0.3,11.44,2.5
1,2020/12/1 4:39,2020/12/1 4:42,1,0.8,1,N,261,231,1,5,2.5,0.5,2.45,0,0.3,10.75,2.5
1,2020/12/1 4:48,2020/12/1 4:55,1,1.4,1,N,249,231,1,7,2.5,0.5,2,0,0.3,12.3,2.5
2,2020/12/1 4:49,2020/12/1 5:01,1,3.64,1,N,186,151,1,12.5,0.5,0.5,3.26,0,0.3,19.56,2.5
2,2020/12/1 4:09,2020/12/1 4:20,1,7.75,1,N,263,88,2,22,0.5,0.5,0,0,0.3,25.8,2.5
2,2020/12/1 4:51,2020/12/1 5:03,1,3.29,1,N,90,209,2,11.5,0.5,0.5,0,0,0.3,15.3,2.5
2,2020/12/1 4:32,2020/12/1 5:04,1,1,1,N,48,186,2,19,0.5,0.5,0,0,0.3,22.8,2.5
2,2020/12/1 4:36,2020/12/1 4:56,6,5.16,1,N,181,225,2,18.5,0.5,0.5,0,0,0.3,19.8,0
1,2020/12/1 4:06,2020/12/1 4:13,1,2.5,1,N,158,48,1,9,3,0.5,3.2,0,0.3,16,2.5
1,2020/12/1 4:48,2020/12/1 5:05,0,11.3,1,N,132,129,2,32,0.5,0.5,0,0,0.3,33.3,0
1,2020/12/1 4:50,2020/12/1 5:17,1,22.5,2,N,132,13,1,52,2.5,0.5,6.5,6.12,0.3,67.92,2.5
2,2020/12/1 4:54,2020/12/1 4:54,1,0,5,N,48,48,1,70,0,0,14.56,0,0.3,87.36,2.5
1,2020/12/1 4:51,2020/12/1 4:55,1,0.9,1,N,186,246,1,5,3,0.5,1.75,0,0.3,10.55,2.5
2,2020/12/1 13:47,2020/12/1 14:03,1,2.84,1,N,263,142,1,12.5,0.5,0.5,3.26,0,0.3,19.56,2.5
2,2020/12/1 4:47,2020/12/1 5:07,3,12.4,1,N,132,129,2,34.5,0.5,0.5,0,0,0.3,35.8,0
2,2020/12/1 4:22,2020/12/1 4:34,1,4.28,1,N,68,140,1,13.5,0.5,0.5,5,0,0.3,22.3,2.5
1,2020/12/1 5:19,2020/12/1 5:33,1,2.5,1,N,186,144,1,11.5,3,0.5,3.05,0,0.3,18.35,2.5
1,2020/12/1 5:40,2020/12/1 5:46,1,1.2,1,N,239,50,1,6.5,2.5,0.5,1.95,0,0.3,11.75,2.5
2,2020/12/1 5:35,2020/12/1 5:54,1,4.3,1,N,186,262,1,16.5,0.5,0.5,4.06,0,0.3,24.36,2.5
2,2020/12/1 5:55,2020/12/1 6:18,1,9.79,1,N,132,36,1,29,0.5,0.5,6.06,0,0.3,36.36,0
1,2020/12/1 5:45,2020/12/1 5:51,1,2.5,1,N,244,166,2,9,0.5,0.5,0,0,0.3,10.3,0
2,2020/12/1 5:41,2020/12/1 6:00,6,5.63,1,N,48,88,1,19.5,0.5,0.5,4.66,0,0.3,27.96,2.5
1,2020/12/1 5:45,2020/12/1 5:52,1,1.9,1,N,142,238,1,8.5,3,0.5,2.45,0,0.3,14.75,2.5
2,2020/12/1 5:40,2020/12/1 5:53,1,7.06,1,N,132,95,1,21,0.5,0.5,2.5,0,0.3,24.8,0
2,2020/12/1 5:37,2020/12/1 6:09,2,20.19,2,N,132,140,2,52,0,0.5,0,6.12,0.3,61.42,2.5
1,2020/12/1 5:59,2020/12/1 6:04,1,1.5,1,N,186,50,1,6.5,3,0.5,1.7,0,0.3,12,2.5
2,2020/12/1 6:01,2020/12/1 6:05,1,0.49,1,N,237,140,2,4.5,0.5,0.5,0,0,0.3,8.3,2.5
2,2020/12/1 6:23,2020/12/1 6:28,1,0.57,1,N,237,237,2,5.5,0.5,0.5,0,0,0.3,9.3,2.5
2,2020/12/1 5:10,2020/12/1 5:20,1,2.86,1,N,48,140,2,11,0.5,0.5,0,0,0.3,14.8,2.5
2,2020/12/1 5:34,2020/12/1 5:53,1,7.24,1,N,48,25,1,23,0.5,0.5,1,0,0.3,27.8,2.5
1,2020/12/1 5:49,2020/12/1 5:55,1,1.6,1,N,107,68,2,7,3,0.5,0,0,0.3,10.8,2.5
2,2020/12/1 5:57,2020/12/1 6:09,1,2.3,1,N,260,173,1,10.5,0.5,0.5,3.54,0,0.3,15.34,0
2,2020/12/1 5:49,2020/12/1 6:21,2,19.49,5,N,132,3,2,65.5,0,0,0,6.12,0.3,71.92,0
2,2020/12/1 5:42,2020/12/1 5:55,1,2.38,1,N,137,114,2,10.5,0.5,0.5,0,0,0.3,14.3,2.5
1,2020/12/1 5:21,2020/12/1 5:28,1,2.1,1,N,237,75,2,8.5,3,0.5,0,0,0.3,12.3,2.5
2,2020/12/1 5:02,2020/12/1 5:15,1,3.91,1,N,186,75,2,14,0.5,0.5,0,0,0.3,17.8,2.5
2,2020/12/1 5:41,2020/12/1 5:49,1,2.77,1,N,140,107,2,10,0.5,0.5,0,0,0.3,13.8,2.5
1,2020/12/1 5:32,2020/12/1 5:40,1,2.5,1,N,141,75,1,9.5,3,0.5,2.65,0,0.3,15.95,2.5
1,2020/12/1 5:31,2020/12/1 5:53,1,5.9,1,N,186,42,2,21,3,0.5,0,0,0.3,24.8,2.5
1,2020/12/1 5:56,2020/12/1 6:23,1,16,1,N,132,252,1,43.5,0,0.5,8.85,0,0.3,53.15,0
2,2020/12/1 5:40,2020/12/1 7:04,4,25.06,1,N,132,132,1,80.5,0.5,0.5,16.36,0,0.3,98.16,0
1,2020/12/1 5:59,2020/12/1 6:05,1,0.8,1,N,140,237,1,6,2.5,0.5,2.3,0,0.3,11.6,2.5
2,2020/12/1 5:55,2020/12/1 6:00,1,1.11,1,N,100,161,1,6,0.5,0.5,2.94,0,0.3,12.74,2.5
1,2020/12/1 5:53,2020/12/1 6:20,1,17.5,1,N,132,185,1,47.5,0.5,0.5,10.95,6.12,0.3,65.87,0
1,2020/12/1 5:50,2020/12/1 5:53,1,0.9,1,N,100,161,1,5,2.5,0.5,1.66,0,0.3,9.96,2.5
2,2020/12/1 5:40,2020/12/1 5:50,1,2.35,1,N,48,137,1,10,0.5,0.5,2.76,0,0.3,16.56,2.5
2,2020/12/1 5:01,2020/12/1 5:32,1,18.99,2,N,262,132,1,52,0,0.5,6.14,6.12,0.3,67.56,2.5
2,2020/12/1 5:50,2020/12/1 6:01,1,2.8,1,N,238,100,1,11,0.5,0.5,2,0,0.3,16.8,2.5
2,2020/12/1 5:33,2020/12/1 5:40,1,1.27,1,N,48,246,2,7,0.5,0.5,0,0,0.3,10.8,2.5
1,2020/12/1 5:38,2020/12/1 5:41,0,0.7,1,N,100,164,2,4.5,3,0.5,0,0,0.3,8.3,2.5
1,2020/12/1 5:57,2020/12/1 6:03,0,0.8,1,N,48,186,2,6,3,0.5,0,0,0.3,9.8,2.5
1,2020/12/1 5:07,2020/12/1 5:10,1,0.6,1,N,141,141,1,4.5,3,0.5,2,0,0.3,10.3,2.5
1,2020/12/1 5:39,2020/12/1 5:50,1,4.2,1,N,140,107,1,14.5,3,0.5,3.65,0,0.3,21.95,2.5
1,2020/12/1 5:49,2020/12/1 5:58,1,2.8,1,N,143,68,1,10.5,3,0.5,2.85,0,0.3,17.15,2.5
2,2020/12/1 5:38,2020/12/1 6:08,1,18.03,1,N,132,80,2,48.5,0.5,0.5,0,0,0.3,49.8,0
2,2020/12/1 5:45,2020/12/1 5:53,1,2.03,1,N,141,164,1,8.5,0.5,0.5,2.46,0,0.3,14.76,2.5
2,2020/12/1 5:35,2020/12/1 5:38,1,0.68,1,N,262,140,1,4,0.5,0.5,1.56,0,0.3,9.36,2.5
2,2020/12/1 5:46,2020/12/1 5:47,1,0.49,1,N,262,262,1,3.5,0.5,0.5,0,0,0.3,7.3,2.5
1,2020/12/1 5:30,2020/12/1 5:45,1,1.9,1,N,141,142,1,11,3,0.5,2.95,0,0.3,17.75,2.5
2,2020/12/1 5:56,2020/12/1 6:01,1,1.36,1,N,100,163,1,6,0.5,0.5,1.96,0,0.3,11.76,2.5
1,2020/12/1 5:24,2020/12/1 5:28,1,0.7,1,N,68,68,2,5,3,0.5,0,0,0.3,8.8,2.5
2,2020/12/1 5:05,2020/12/1 5:11,2,1.37,1,N,186,246,2,6.5,0.5,0.5,0,0,0.3,10.3,2.5
1,2020/12/1 5:14,2020/12/1 5:31,1,7.5,1,N,234,168,2,23.5,3,0.5,0,0,0.3,27.3,2.5
2,2020/12/1 5:30,2020/12/1 5:34,6,1.2,1,N,237,162,2,5.5,0.5,0.5,0,0,0.3,9.3,2.5
1,2020/12/1 5:09,2020/12/1 5:23,1,5.7,1,N,132,180,2,18,0.5,0.5,0,0,0.3,19.3,0
2,2020/12/1 5:46,2020/12/1 5:51,2,1.26,1,N,162,137,2,6.5,0.5,0.5,0,0,0.3,10.3,2.5
2,2020/12/1 5:49,2020/12/1 5:54,4,1.46,1,N,48,163,1,6.5,0.5,0.5,3.09,0,0.3,13.39,2.5
2,2020/12/1 5:39,2020/12/1 5:49,6,3.02,1,N,262,161,1,11,0.5,0.5,3.7,0,0.3,18.5,2.5
1,2020/12/1 5:23,2020/12/1 5:30,1,1.5,1,N,90,246,1,7.5,3,0.5,0,0,0.3,11.3,2.5
1,2020/12/1 5:33,2020/12/1 5:39,1,1.3,1,N,246,90,1,6.5,3,0.5,0,0,0.3,10.3,2.5
2,2020/12/1 5:15,2020/12/1 5:21,1,1.3,1,N,90,137,1,6.5,0.5,0.5,2.06,0,0.3,12.36,2.5
2,2020/12/1 5:13,2020/12/1 5:24,1,5.74,1,N,231,140,1,17.5,0.5,0.5,4.26,0,0.3,25.56,2.5
2,2020/12/1 5:29,2020/12/1 5:34,2,1.99,1,N,233,79,1,7,0.5,0.5,2.7,0,0.3,13.5,2.5
1,2020/12/1 5:53,2020/12/1 5:57,1,1.4,1,N,234,161,1,6.5,3,0.5,1,0,0.3,11.3,2.5
2,2020/12/1 5:02,2020/12/1 5:08,1,2.6,1,N,141,74,2,9,0.5,0.5,0,0,0.3,12.8,2.5
2,2020/12/1 5:13,2020/12/1 5:18,1,1.68,1,N,263,140,2,7,0.5,0.5,0,0,0.3,10.8,2.5
2,2020/12/1 5:56,2020/12/1 5:59,1,0.77,1,N,79,107,2,4.5,0.5,0.5,0,0,0.3,8.3,2.5
1,2020/12/1 5:51,2020/12/1 5:55,1,1.1,1,N,186,48,1,5.5,3,0.5,1.85,0,0.3,11.15,2.5
2,2020/12/1 5:34,2020/12/1 5:53,1,14.11,1,N,132,252,2,38,0.5,0.5,0,0,0.3,39.3,0
2,2020/12/1 5:27,2020/12/1 5:34,1,1.52,1,N,140,161,2,7,0.5,0.5,0,0,0.3,10.8,2.5
2,2020/12/1 5:18,2020/12/1 5:25,1,1.75,1,N,229,142,1,7.5,0.5,0.5,3.39,0,0.3,14.69,2.5
1,2020/12/1 5:04,2020/12/1 5:18,1,6.4,1,N,13,161,2,20,3,0.5,0,0,0.3,23.8,2.5
1,2020/12/1 5:27,2020/12/1 5:31,0,0.8,1,N,68,246,3,5,3,0.5,0,0,0.3,8.8,2.5
2,2020/12/1 5:10,2020/12/1 5:13,1,0.9,1,N,100,161,1,5,0.5,0.5,2,0,0.3,10.8,2.5
2,2020/12/1 5:52,2020/12/1 5:55,2,0.5,1,N,236,236,2,4,0.5,0.5,0,0,0.3,7.8,2.5
2,2020/12/1 5:27,2020/12/1 5:29,1,0,5,N,186,186,2,73,0,0,0,0,0.3,75.8,2.5
2,2020/12/1 5:14,2020/12/1 5:22,1,2.28,1,N,107,140,2,9,0.5,0.5,0,0,0.3,12.8,2.5
2,2020/12/1 5:51,2020/12/1 5:53,1,1.01,1,N,75,74,2,5,0.5,0.5,0,0,0.3,6.3,0
2,2020/12/1 5:54,2020/12/1 6:20,1,17.56,2,N,132,75,1,52,0,0.5,11.78,6.12,0.3,70.7,0
2,2020/12/1 5:00,2020/12/1 5:07,2,2.42,1,N,48,140,1,9,0.5,0.5,3.84,0,0.3,16.64,2.5
2,2020/12/1 5:02,2020/12/1 5:10,1,1.79,1,N,238,41,2,8,0.5,0.5,0,0,0.3,11.8,2.5
2,2020/12/1 5:56,2020/12/1 6:04,1,2.48,1,N,107,140,1,9,0.5,0.5,2.56,0,0.3,15.36,2.5
1,2020/12/1 5:14,2020/12/1 5:26,1,2.5,1,N,237,164,1,11,2.5,0.5,2.85,0,0.3,17.15,2.5
2,2020/12/1 5:51,2020/12/1 5:56,1,1.49,1,N,75,74,2,7,0.5,0.5,0,0,0.3,8.3,0
2,2020/12/1 5:11,2020/12/1 5:19,1,2.01,1,N,142,162,1,8.5,0.5,0.5,1,0,0.3,13.3,2.5
2,2020/12/1 5:34,2020/12/2 0:00,1,9.47,1,N,79,223,1,29,0.5,0.5,1.64,0,0.3,34.44,2.5
1,2020/12/1 5:47,2020/12/1 5:58,1,1.8,1,N,48,137,1,9.5,3,0.5,1.5,0,0.3,14.8,2.5
2,2020/12/1 5:10,2020/12/1 5:13,1,0.52,1,N,69,47,2,4,0.5,0.5,0,0,0.3,5.3,0
1,2020/12/1 5:47,2020/12/1 6:01,1,5.4,1,N,42,78,2,18.5,0.5,0.5,0,0,0.3,19.8,0
1,2020/12/1 5:37,2020/12/1 5:46,1,1.9,1,N,140,161,1,8.5,3,0.5,2.45,0,0.3,14.75,2.5
1,2020/12/1 5:49,2020/12/1 5:55,1,0.9,1,N,230,246,1,6,3,0.5,1,0,0.3,10.8,2.5
1,2020/12/1 5:14,2020/12/1 5:28,2,3.7,1,N,137,239,1,14,3,0.5,3.55,0,0.3,21.35,2.5
1,2020/12/1 5:43,2020/12/1 5:47,1,0.8,1,N,226,7,1,5,0.5,0.5,1.85,0,0.3,8.15,0
1,2020/12/1 5:59,2020/12/1 6:06,1,1.9,1,N,141,75,1,8,2.5,0.5,3.35,0,0.3,14.65,2.5
2,2020/12/1 5:40,2020/12/1 5:51,1,3.3,5,N,143,75,1,12.76,0,0.5,1.69,0,0.3,17.75,2.5
2,2020/12/1 5:59,2020/12/1 6:05,1,1.38,1,N,238,75,1,6.5,0.5,0.5,2.58,0,0.3,12.88,2.5
2,2020/12/1 5:39,2020/12/1 5:48,1,1.14,1,N,48,162,1,8,0.5,0.5,0,0,0.3,11.8,2.5
2,2020/12/1 5:50,2020/12/1 6:08,1,11.47,1,N,162,138,1,32,0.5,0.5,0.08,6.12,0.3,42,2.5
2,2020/12/1 5:59,2020/12/1 6:04,1,1.32,1,N,186,246,1,6,0,0.5,1.86,0,0.3,11.16,2.5
2,2020/12/1 5:26,2020/12/1 5:54,1,18.97,2,N,132,236,2,52,0,0.5,0,6.12,0.3,58.92,0
1,2020/12/1 5:42,2020/12/1 5:46,1,1.3,1,N,263,140,2,6,3,0.5,0,0,0.3,9.8,2.5
1,2020/12/1 5:58,2020/12/1 6:04,1,1,1,N,100,161,1,6.5,2.5,0.5,1.18,0,0.3,10.98,2.5
2,2020/12/1 5:24,2020/12/1 5:29,1,1.76,1,N,239,43,1,7.5,0.5,0.5,1.92,0,0.3,13.22,2.5
2,2020/12/1 5:33,2020/12/1 5:36,1,1.03,1,N,238,75,1,5.5,0.5,0.5,2.04,0,0.3,8.84,0
2,2020/12/1 5:38,2020/12/1 5:54,1,2.65,1,N,48,237,1,11.5,0.5,0.5,0,0,0.3,15.3,2.5
2,2020/12/1 5:34,2020/12/1 5:41,1,1.19,1,N,74,41,2,7,0.5,0.5,0,0,0.3,8.3,0
1,2020/12/1 5:29,2020/12/1 5:55,2,16.7,2,N,132,170,1,52,2.5,0.5,12.25,6.12,0.3,73.67,2.5
1,2020/12/1 5:19,2020/12/1 5:28,2,2.7,1,N,186,231,1,10.5,3,0.5,3.55,0,0.3,17.85,2.5
2,2020/12/1 5:53,2020/12/1 6:20,2,19.73,2,N,209,132,1,52,0,0.5,0,0,0.3,55.3,2.5
2,2020/12/1 5:33,2020/12/1 5:38,1,1.77,1,N,238,236,1,7,0.5,0.5,2.16,0,0.3,12.96,2.5
2,2020/12/1 5:54,2020/12/1 5:56,2,0.67,1,N,48,48,1,4,0.5,0.5,1,0,0.3,8.8,2.5
2,2020/12/1 5:36,2020/12/1 5:39,6,0.7,1,N,166,151,2,4.5,0.5,0.5,0,0,0.3,5.8,0
1,2020/12/1 5:35,2020/12/1 5:53,1,9.5,1,N,132,131,2,28,0.5,0.5,0,0,0.3,29.3,0
2,2020/12/1 5:55,2020/12/1 6:00,1,1.67,1,N,186,161,1,7,0.5,0.5,2.7,0,0.3,13.5,2.5
2,2020/12/1 5:37,2020/12/1 5:48,1,5.07,5,N,75,107,1,13.73,0,0.5,1.8,0,0.3,18.83,2.5
1,2020/12/1 5:48,2020/12/1 6:04,1,5.4,1,N,186,42,2,17,2.5,0.5,0,0,0.3,20.3,2.5
2,2020/12/1 5:38,2020/12/1 5:42,1,1.71,1,N,236,162,1,6.5,0.5,0.5,2.06,0,0.3,12.36,2.5
1,2020/12/1 5:43,2020/12/1 6:35,1,18.1,2,Y,132,161,2,52,2.5,0.5,0,0,0.3,55.3,2.5
2,2020/12/1 5:45,2020/12/1 5:53,1,1.65,1,N,170,107,2,8,0.5,0.5,0,0,0.3,11.8,2.5
2,2020/12/1 5:09,2020/12/1 5:22,2,4.14,1,N,116,236,1,14,0.5,0.5,5.34,0,0.3,23.14,2.5
2,2020/12/1 5:38,2020/12/1 5:43,1,1.57,1,N,141,75,1,7,0.5,0.5,2.16,0,0.3,12.96,2.5
2,2020/12/1 5:59,2020/12/1 6:04,1,0.74,1,N,68,246,2,5,0,0.5,0,0,0.3,8.3,2.5
2,2020/12/1 5:13,2020/12/1 5:28,1,1.06,1,N,75,87,1,6,0.5,0.5,0,0,0.3,9.8,2.5
2,2020/12/1 5:10,2020/12/1 5:15,1,1.15,1,N,236,43,2,6,0.5,0.5,0,0,0.3,9.8,2.5
2,2020/12/1 5:35,2020/12/1 5:51,1,4.44,1,N,148,48,2,15.5,0.5,0.5,0,0,0.3,19.3,2.5
1,2020/12/1 5:13,2020/12/1 5:39,0,18.4,2,N,132,41,1,52,0,0.5,7,6.12,0.3,65.92,0
1,2020/12/1 5:42,2020/12/1 5:57,0,4.4,1,N,41,244,1,16,0.5,0.5,3,0,0.3,20.3,0
1,2020/12/1 5:57,2020/12/1 6:09,1,2.9,1,N,186,140,1,11.5,3,0.5,3.8,0,0.3,19.1,2.5
2,2020/12/1 5:40,2020/12/1 5:43,1,0.85,1,N,100,163,2,4.5,0.5,0.5,0,0,0.3,8.3,2.5
2,2020/12/1 5:49,2020/12/1 5:56,1,1.14,1,N,100,161,1,6.5,0.5,0.5,0.01,0,0.3,10.31,2.5
2,2020/12/1 5:07,2020/12/1 5:19,1,4.95,1,N,249,75,2,15,0.5,0.5,0,0,0.3,18.8,2.5
2,2020/12/1 5:45,2020/12/1 5:50,1,1.03,1,N,100,170,1,5.5,0.5,0.5,1.86,0,0.3,11.16,2.5
2,2020/12/1 5:42,2020/12/1 5:57,1,3.62,1,N,237,249,1,14,0.5,0.5,3.56,0,0.3,21.36,2.5
1,2020/12/1 5:47,2020/12/1 6:03,1,4.1,1,Y,137,239,1,15,2.5,0.5,5.45,0,0.3,23.75,2.5
1,2020/12/1 5:44,2020/12/1 5:48,1,1,1,N,48,163,2,5,3,0.5,0,0,0.3,8.8,2.5
1,2020/12/1 5:46,2020/12/1 5:58,1,4.5,1,N,13,79,1,15.5,3,0.5,3.85,0,0.3,23.15,2.5
2,2020/12/1 5:00,2020/12/1 5:02,3,0.68,1,N,100,230,2,4,0.5,0.5,0,0,0.3,7.8,2.5
2,2020/12/1 5:43,2020/12/1 5:53,3,1.66,1,N,186,137,1,8.5,0.5,0.5,2.46,0,0.3,14.76,2.5
2,2020/12/1 5:40,2020/12/1 5:48,6,1.07,1,N,237,43,1,6.5,0.5,0.5,2.06,0,0.3,12.36,2.5
1,2020/12/1 5:47,2020/12/1 6:05,1,5.2,1,N,143,261,1,18,3,0.5,2,0,0.3,23.8,2.5
2,2020/12/1 5:49,2020/12/1 6:13,2,3.69,1,N,229,246,1,18.5,0.5,0.5,4.46,0,0.3,26.76,2.5
1,2020/12/1 5:25,2020/12/1 5:28,1,0.9,1,N,186,230,2,5,3,0.5,0,0,0.3,8.8,2.5
1,2020/12/1 5:30,2020/12/1 5:31,1,0.6,1,N,230,186,1,4,3,0.5,1,0,0.3,8.8,2.5
1,2020/12/1 5:38,2020/12/1 5:46,1,2.5,1,N,249,161,1,9,2.5,0.5,3.05,0,0.3,15.35,2.5
1,2020/12/1 5:57,2020/12/1 6:03,1,1.2,1,Y,239,50,1,6.5,2.5,0.5,1,0,0.3,10.8,2.5
2,2020/12/1 5:55,2020/12/1 6:04,1,2.23,1,N,230,238,2,9.5,0.5,0.5,0,0,0.3,13.3,2.5
2,2020/12/1 5:41,2020/12/1 5:45,1,0.72,1,N,48,161,1,5,0.5,0.5,1.5,0,0.3,10.3,2.5
2,2020/12/1 5:18,2020/12/1 5:22,1,1.29,1,N,186,230,2,6,0.5,0.5,0,0,0.3,9.8,2.5
2,2020/12/1 5:33,2020/12/1 5:37,1,1.36,1,N,186,107,2,6.5,0.5,0.5,0,0,0.3,10.3,2.5
2,2020/12/1 6:00,2020/12/1 6:01,1,0.48,1,N,186,90,1,3.5,0.5,0.5,1,0,0.3,8.3,2.5
2,2020/12/1 5:16,2020/12/1 5:21,1,2.12,1,N,141,75,2,7.5,0.5,0.5,0,0,0.3,11.3,2.5
2,2020/12/1 5:16,2020/12/1 5:21,1,2.12,1,N,141,75,2,7.5,0.5,0.5,0,0,0.3,11.3,2.5
2,2020/12/1 5:22,2020/12/1 5:29,1,1.63,1,N,75,166,2,7,0.5,0.5,0,0,0.3,8.3,0
2,2020/12/1 5:22,2020/12/1 5:29,1,1.63,1,N,75,166,2,7,0.5,0.5,0,0,0.3,8.3,0
2,2020/12/1 5:37,2020/12/1 5:55,1,9.28,1,N,151,138,1,27,0.5,0.5,6.88,6.12,0.3,41.3,0
2,2020/12/1 5:30,2020/12/1 5:43,1,3.41,1,N,100,145,1,13.5,0.5,0.5,5.86,6.12,0.3,29.28,2.5
2,2020/12/1 5:05,2020/12/1 5:10,1,1.58,1,N,143,48,2,7,0.5,0.5,0,0,0.3,10.8,2.5
2,2020/12/1 5:45,2020/12/1 5:57,1,4.24,1,N,186,24,1,13.5,0.5,0.5,0,0,0.3,17.3,2.5
2,2020/12/1 5:39,2020/12/1 6:20,1,13.14,1,N,232,207,1,37,0.5,0.5,2.75,6.12,0.3,47.17,0
2,2020/12/1 5:23,2020/12/1 5:26,1,0.85,1,N,48,68,1,5,0.5,0.5,1.76,0,0.3,10.56,2.5
2,2020/12/1 5:15,2020/12/1 5:25,2,5.19,1,N,48,152,1,16.5,0.5,0.5,2,0,0.3,22.3,2.5
2,2020/12/1 6:00,2020/12/1 6:06,1,0.86,1,N,48,161,1,6,0.5,0.5,1.96,0,0.3,11.76,2.5
2,2020/12/1 5:12,2020/12/1 5:24,1,2.96,1,N,116,168,1,12,0.5,0.5,0,0,0.3,13.3,0
2,2020/12/1 5:35,2020/12/1 5:41,1,1.7,1,N,75,151,2,7,0.5,0.5,0,0,0.3,8.3,0
2,2020/12/1 5:43,2020/12/1 5:51,1,2.74,1,N,238,162,1,10,0.5,0.5,3.45,0,0.3,17.25,2.5
2,2020/12/1 5:43,2020/12/1 5:55,5,3.78,1,N,87,186,1,13,0.5,0.5,3,0,0.3,19.8,2.5
2,2020/12/1 5:59,2020/12/1 6:06,5,1.59,1,N,90,231,1,7,0.5,0.5,3.24,0,0.3,14.04,2.5
2,2020/12/1 5:30,2020/12/1 5:35,1,1.29,1,N,233,140,1,6.5,0.5,0.5,2.06,0,0.3,12.36,2.5
2,2020/12/1 5:43,2020/12/1 5:45,1,0.96,1,N,262,140,2,4.5,0.5,0.5,0,0,0.3,8.3,2.5
1,2020/12/1 5:47,2020/12/1 5:59,1,2.9,1,N,170,43,1,11.5,3,0.5,1.7,0,0.3,17,2.5
2,2020/12/1 5:40,2020/12/1 5:45,2,0.84,1,N,41,41,2,6,0.5,0.5,0,0,0.3,7.3,0
2,2020/12/1 5:53,2020/12/1 6:05,1,3.16,1,N,238,170,1,12,0.5,0.5,0,0,0.3,15.8,2.5
2,2020/12/1 5:43,2020/12/1 5:56,1,4.49,1,N,97,112,2,15,0.5,0.5,0,0,0.3,16.3,0
1,2020/12/1 5:52,2020/12/1 5:58,1,1,1,N,140,237,2,6.5,3,0.5,0,0,0.3,10.3,2.5
2,2020/12/1 5:00,2020/12/1 5:09,1,1.36,1,N,75,75,2,8,0.5,0.5,0,0,0.3,9.3,0
2,2020/12/1 5:30,2020/12/1 5:43,1,4.2,1,N,263,100,1,14.5,0.5,0.5,2,0,0.3,20.3,2.5
2,2020/12/1 5:22,2020/12/1 5:34,1,2.08,1,N,48,137,1,10.5,0.5,0.5,2,0,0.3,16.3,2.5
2,2020/12/1 5:45,2020/12/1 5:56,1,2.5,1,N,48,141,1,10.5,0.5,0.5,2.86,0,0.3,17.16,2.5
1,2020/12/1 5:40,2020/12/1 5:47,1,2.6,1,N,224,163,1,9,3,0.5,1.5,0,0.3,14.3,2.5
2,2020/12/1 5:07,2020/12/1 5:11,2,0.84,1,N,170,230,2,5,0.5,0.5,0,0,0.3,8.8,2.5
2,2020/12/1 5:22,2020/12/1 5:27,2,0.79,1,N,42,116,2,5,0.5,0.5,0,0,0.3,6.3,0
2,2020/12/1 5:42,2020/12/1 5:52,2,3.46,1,N,239,246,2,12,0.5,0.5,0,0,0.3,15.8,2.5
2,2020/12/1 5:33,2020/12/1 5:58,1,10.41,1,N,230,138,1,30.5,0.5,0.5,5,0,0.3,39.3,2.5
2,2020/12/1 5:13,2020/12/1 5:20,1,2.38,1,N,75,140,1,9,0.5,0.5,2.56,0,0.3,15.36,2.5
1,2020/12/1 5:11,2020/12/1 5:22,1,3.5,1,N,48,166,2,12,3,0.5,0,0,0.3,15.8,2.5
2,2020/12/1 5:46,2020/12/1 5:56,1,1.93,1,N,236,161,1,10,0.5,0.5,2.76,0,0.3,16.56,2.5
2,2020/12/1 5:34,2020/12/1 5:41,1,2.52,1,N,132,132,2,8.5,0.5,0.5,0,0,0.3,9.8,0
2,2020/12/1 5:06,2020/12/1 5:20,1,2.75,1,N,238,140,1,12.5,0.5,0.5,3.26,0,0.3,19.56,2.5
2,2020/12/1 5:51,2020/12/1 5:56,1,0.77,1,N,48,161,2,5.5,0.5,0.5,0,0,0.3,9.3,2.5
1,2020/12/1 5:49,2020/12/1 6:24,1,20.9,2,N,132,243,2,52,0,0.5,0,6.12,0.3,58.92,0
2,2020/12/1 5:29,2020/12/1 5:39,1,2.4,1,N,158,161,1,9.5,0.5,0.5,2.66,0,0.3,15.96,2.5
2,2020/12/1 5:38,2020/12/1 5:44,1,2.66,1,N,238,48,1,9,0.5,0.5,2.56,0,0.3,15.36,2.5
1,2020/12/1 5:58,2020/12/1 6:11,1,3.7,1,N,166,48,2,13,2.5,0.5,0,0,0.3,16.3,2.5
1,2020/12/1 5:51,2020/12/1 5:54,1,0.9,1,N,42,166,2,5,0.5,0.5,0,0,0.3,6.3,0
2,2020/12/1 5:54,2020/12/1 6:07,2,3.25,1,N,162,144,1,12.5,0.5,0.5,3.26,0,0.3,19.56,2.5
2,2020/12/1 5:45,2020/12/1 5:51,1,1.13,1,N,100,161,1,6.5,0.5,0.5,0.7,0,0.3,11,2.5
2,2020/12/1 5:36,2020/12/1 5:47,1,4.04,1,N,107,236,1,13,0.5,0.5,3.36,0,0.3,20.16,2.5
2,2020/12/1 5:53,2020/12/1 5:59,1,2.44,1,N,261,186,2,8.5,0.5,0.5,0,0,0.3,12.3,2.5
2,2020/12/1 5:44,2020/12/1 5:52,3,2.95,1,N,48,236,1,10.5,0.5,0.5,2.86,0,0.3,17.16,2.5
2,2020/12/1 4:51,2020/12/1 4:55,2,0.89,1,N,100,163,1,5.5,0.5,0.5,1.25,0,0.3,10.55,2.5
1,2020/12/1 5:35,2020/12/1 5:45,1,1.8,1,N,48,137,2,9,3,0.5,0,0,0.3,12.8,2.5
2,2020/12/1 5:36,2020/12/1 5:41,1,1.36,1,N,48,161,1,6.5,0.5,0.5,3.09,0,0.3,13.39,2.5
2,2020/12/1 5:24,2020/12/1 5:27,1,0.7,1,N,100,230,2,5,0.5,0.5,0,0,0.3,8.8,2.5
2,2020/12/1 5:39,2020/12/1 5:52,1,2.12,1,N,48,137,1,10.5,0.5,0.5,0,0,0.3,14.3,2.5
1,2020/12/1 5:30,2020/12/1 5:35,1,2.6,1,N,107,140,1,9,3,0.5,2,0,0.3,14.8,2.5
1,2020/12/1 5:49,2020/12/1 5:51,1,0.6,1,N,262,262,1,4,3,0.5,0.6,0,0.3,8.4,2.5
2,2020/12/1 5:58,2020/12/1 6:02,1,1.59,1,N,148,137,2,6.5,0.5,0.5,0,0,0.3,10.3,2.5
2,2020/12/1 5:58,2020/12/1 6:09,1,3.36,1,N,142,74,1,11.5,0.5,0.5,3.06,0,0.3,18.36,2.5
1,2020/12/1 5:47,2020/12/1 5:53,1,1.7,1,N,137,249,2,7,2.5,0.5,0,0,0.3,10.3,2.5
2,2020/12/1 5:52,2020/12/1 5:55,1,0.89,1,N,100,161,1,5,0.5,0.5,1.76,0,0.3,10.56,2.5
1,2020/12/1 5:51,2020/12/1 5:55,1,1.2,1,N,249,100,1,6,2.5,0.5,2.3,0,0.3,11.6,2.5
2,2020/12/1 5:46,2020/12/1 6:07,3,5.19,1,N,100,42,2,19.5,0.5,0.5,0,0,0.3,23.3,2.5
2,2020/12/1 5:53,2020/12/1 6:03,1,3.38,1,N,100,263,1,11.5,0.5,0.5,0,0,0.3,15.3,2.5
2,2020/12/1 5:43,2020/12/1 5:49,1,1.57,1,N,90,211,2,7,0.5,0.5,0,0,0.3,10.8,2.5
2,2020/12/1 4:40,2020/12/1 4:51,1,3.53,1,N,148,161,1,12.5,0.5,0.5,3.26,0,0.3,19.56,2.5
2,2020/12/1 5:21,2020/12/1 5:35,1,6.52,1,N,231,140,1,20.5,0.5,0.5,2,0,0.3,26.3,2.5
2,2020/12/1 5:50,2020/12/1 6:22,6,17.78,2,N,132,237,2,52,0,0.5,0,6.12,0.3,61.42,2.5
2,2020/12/1 5:39,2020/12/1 5:41,1,0.49,1,N,100,170,4,4,0.5,0.5,0,0,0.3,7.8,2.5
2,2020/12/1 5:39,2020/12/1 5:41,1,0.49,1,N,100,170,2,4,0.5,0.5,0,0,0.3,7.8,2.5
1,2020/12/1 5:38,2020/12/1 6:04,1,15.4,1,N,132,165,2,42.5,0.5,0.5,0,0,0.3,43.8,0
2,2020/12/1 5:20,2020/12/1 5:27,1,2.48,1,N,263,161,1,9.5,0.5,0.5,2.66,0,0.3,15.96,2.5
2,2020/12/1 5:55,2020/12/1 6:17,1,9.62,1,N,132,198,1,28,0.5,0.5,5.86,0,0.3,35.16,0
2,2020/12/1 5:40,2020/12/1 5:48,1,1,1,N,100,233,1,7.5,0.5,0.5,2.26,0,0.3,13.56,2.5
2,2020/12/1 14:52,2020/12/1 14:57,1,0.81,1,N,234,186,1,5,0.5,0.5,1,0,0.3,9.8,2.5
2,2020/12/1 15:07,2020/12/1 15:13,1,0.48,1,N,164,170,2,5.5,0.5,0.5,0,0,0.3,9.3,2.5
1,2020/12/1 5:41,2020/12/1 5:43,1,0.4,1,N,141,237,1,4,2.5,0.5,1.45,0,0.3,8.75,2.5
1,2020/12/1 5:45,2020/12/1 5:49,1,0.9,1,N,230,230,2,5,3,0.5,0,0,0.3,8.8,2.5
2,2020/12/1 5:39,2020/12/1 5:47,1,1.89,1,N,48,90,1,8,0.5,0.5,0.2,0,0.3,12,2.5
1,2020/12/1 5:49,2020/12/1 6:14,2,15.3,1,N,132,175,1,41.5,0,0.5,0,0,0.3,42.3,0
2,2020/12/1 5:58,2020/12/1 6:03,1,1.12,1,N,238,239,2,6.5,0.5,0.5,0,0,0.3,10.3,2.5
2,2020/12/1 5:44,2020/12/1 5:48,1,0.75,1,N,100,68,1,4.5,0.5,0.5,2.08,0,0.3,10.38,2.5
2,2020/12/1 5:43,2020/12/1 5:57,1,4.03,1,N,239,107,1,14,0.5,0.5,2.85,0,0.3,20.65,2.5
2,2020/12/1 5:46,2020/12/1 6:18,4,23.86,1,N,132,115,1,62.5,0.5,0.5,80,12.24,0.3,156.04,0
2,2020/12/1 5:29,2020/12/1 5:58,1,17.66,1,N,132,49,2,47.5,0.5,0.5,0,0,0.3,48.8,0
2,2020/12/1 5:02,2020/12/1 5:09,1,0,2,N,244,244,2,52,0,0.5,0,0,0.3,52.8,0
2,2020/12/1 5:11,2020/12/1 5:29,2,15.55,2,N,250,132,1,52,0,0.5,5,6.12,0.3,63.92,0
2,2020/12/1 5:58,2020/12/1 6:21,1,8.91,1,N,226,261,1,27.5,0.5,0.5,3,0,0.3,34.3,2.5
2,2020/12/1 5:19,2020/12/1 5:29,1,2.52,1,N,48,140,1,10,0.5,0.5,2.76,0,0.3,16.56,2.5
2,2020/12/1 5:46,2020/12/1 5:59,1,3.76,1,N,163,231,1,12.5,0.5,0.5,2.44,0,0.3,18.74,2.5
1,2020/12/1 5:03,2020/12/1 5:05,1,0.8,1,N,141,233,1,4.5,3,0.5,0,0,0.3,8.3,2.5
1,2020/12/1 5:40,2020/12/1 5:50,1,2.5,1,N,48,141,1,9.5,3,0.5,4.7,0,0.3,18,2.5
2,2020/12/1 5:27,2020/12/1 5:49,1,11.7,1,N,107,14,1,33.5,0.5,0.5,6,0,0.3,43.3,2.5
2,2020/12/1 5:29,2020/12/1 5:33,1,1.13,1,N,100,161,2,5.5,0.5,0.5,0,0,0.3,9.3,2.5
